"id";"role_id";"permission_id";"granted";"assigned_by";"assigned_at"
"116";"2";"1";"1";NULL;"2025-12-12 17:18:42"
"117";"2";"2";"1";NULL;"2025-12-12 17:18:42"
"118";"2";"3";"1";NULL;"2025-12-12 17:18:42"
"119";"2";"4";"1";NULL;"2025-12-12 17:18:42"
"120";"2";"5";"1";NULL;"2025-12-12 17:18:42"
"121";"2";"6";"1";NULL;"2025-12-12 17:18:42"
"122";"2";"7";"1";NULL;"2025-12-12 17:18:42"
"123";"2";"8";"1";NULL;"2025-12-12 17:18:42"
"124";"2";"9";"1";NULL;"2025-12-12 17:18:42"
"125";"2";"10";"1";NULL;"2025-12-12 17:18:42"
"126";"2";"11";"1";NULL;"2025-12-12 17:18:42"
"127";"2";"12";"1";NULL;"2025-12-12 17:18:42"
"128";"2";"13";"1";NULL;"2025-12-12 17:18:42"
"129";"2";"14";"1";NULL;"2025-12-12 17:18:42"
"130";"2";"15";"1";NULL;"2025-12-12 17:18:42"
"131";"2";"16";"1";NULL;"2025-12-12 17:18:42"
"132";"2";"17";"1";NULL;"2025-12-12 17:18:42"
"133";"2";"18";"1";NULL;"2025-12-12 17:18:42"
"134";"2";"19";"1";NULL;"2025-12-12 17:18:42"
"135";"2";"20";"1";NULL;"2025-12-12 17:18:42"
"136";"2";"21";"1";NULL;"2025-12-12 17:18:42"
"137";"2";"22";"1";NULL;"2025-12-12 17:18:42"
"138";"2";"23";"1";NULL;"2025-12-12 17:18:42"
"139";"2";"24";"1";NULL;"2025-12-12 17:18:42"
"140";"2";"25";"1";NULL;"2025-12-12 17:18:42"
"141";"2";"26";"1";NULL;"2025-12-12 17:18:42"
"142";"2";"27";"1";NULL;"2025-12-12 17:18:42"
"143";"2";"28";"1";NULL;"2025-12-12 17:18:42"
"144";"2";"107";"1";NULL;"2025-12-12 17:18:42"
"145";"2";"108";"1";NULL;"2025-12-12 17:18:42"
"146";"2";"109";"1";NULL;"2025-12-12 17:18:42"
"147";"2";"110";"1";NULL;"2025-12-12 17:18:42"
"148";"3";"1";"1";NULL;"2025-12-12 17:18:42"
"149";"3";"2";"1";NULL;"2025-12-12 17:18:42"
"150";"3";"3";"1";NULL;"2025-12-12 17:18:42"
"151";"3";"4";"1";NULL;"2025-12-12 17:18:42"
"152";"3";"7";"1";NULL;"2025-12-12 17:18:42"
"153";"3";"8";"1";NULL;"2025-12-12 17:18:42"
"154";"3";"9";"1";NULL;"2025-12-12 17:18:42"
"155";"3";"11";"1";NULL;"2025-12-12 17:18:42"
"156";"3";"12";"1";NULL;"2025-12-12 17:18:42"
"157";"3";"13";"1";NULL;"2025-12-12 17:18:42"
"158";"3";"14";"1";NULL;"2025-12-12 17:18:42"
"159";"3";"18";"1";NULL;"2025-12-12 17:18:42"
"160";"3";"19";"1";NULL;"2025-12-12 17:18:42"
"161";"3";"20";"1";NULL;"2025-12-12 17:18:42"
"162";"3";"21";"1";NULL;"2025-12-12 17:18:42"
"163";"3";"24";"1";NULL;"2025-12-12 17:18:42"
"164";"3";"25";"1";NULL;"2025-12-12 17:18:42"
"165";"3";"26";"1";NULL;"2025-12-12 17:18:42"
"166";"3";"27";"1";NULL;"2025-12-12 17:18:42"
"167";"3";"107";"1";NULL;"2025-12-12 17:18:42"
"168";"3";"108";"1";NULL;"2025-12-12 17:18:42"
"169";"4";"92";"1";NULL;"2025-12-12 17:18:42"
"170";"4";"93";"1";NULL;"2025-12-12 17:18:42"
"171";"4";"94";"1";NULL;"2025-12-12 17:18:42"
"172";"4";"95";"1";NULL;"2025-12-12 17:18:42"
"173";"4";"96";"1";NULL;"2025-12-12 17:18:42"
"174";"4";"107";"1";NULL;"2025-12-12 17:18:42"
"175";"4";"108";"1";NULL;"2025-12-12 17:18:42"
"176";"4";"109";"1";NULL;"2025-12-12 17:18:42"
"177";"4";"110";"1";NULL;"2025-12-12 17:18:42"
"178";"5";"92";"1";NULL;"2025-12-12 17:18:42"
"179";"5";"93";"1";NULL;"2025-12-12 17:18:42"
"180";"5";"94";"1";NULL;"2025-12-12 17:18:42"
"181";"5";"107";"1";NULL;"2025-12-12 17:18:42"
"182";"5";"108";"1";NULL;"2025-12-12 17:18:42"
"183";"10";"51";"1";NULL;"2025-12-12 17:18:42"
"184";"10";"52";"1";NULL;"2025-12-12 17:18:42"
"185";"10";"53";"1";NULL;"2025-12-12 17:18:42"
"186";"10";"54";"1";NULL;"2025-12-12 17:18:42"
"187";"10";"55";"1";NULL;"2025-12-12 17:18:42"
"188";"10";"56";"1";NULL;"2025-12-12 17:18:42"
"189";"10";"57";"1";NULL;"2025-12-12 17:18:42"
"190";"10";"58";"1";NULL;"2025-12-12 17:18:42"
"191";"10";"59";"1";NULL;"2025-12-12 17:18:42"
"192";"10";"60";"1";NULL;"2025-12-12 17:18:42"
"193";"10";"61";"1";NULL;"2025-12-12 17:18:42"
"194";"10";"62";"1";NULL;"2025-12-12 17:18:42"
"195";"10";"107";"1";NULL;"2025-12-12 17:18:42"
"196";"10";"108";"1";NULL;"2025-12-12 17:18:42"
"197";"10";"109";"1";NULL;"2025-12-12 17:18:42"
"198";"10";"110";"1";NULL;"2025-12-12 17:18:42"
"199";"11";"51";"1";NULL;"2025-12-12 17:18:42"
"200";"11";"52";"1";NULL;"2025-12-12 17:18:42"
"201";"11";"53";"1";NULL;"2025-12-12 17:18:42"
"202";"11";"54";"1";NULL;"2025-12-12 17:18:42"
"203";"11";"56";"1";NULL;"2025-12-12 17:18:42"
"204";"11";"57";"1";NULL;"2025-12-12 17:18:42"
"205";"11";"58";"1";NULL;"2025-12-12 17:18:42"
"206";"11";"59";"1";NULL;"2025-12-12 17:18:42"
"207";"11";"60";"1";NULL;"2025-12-12 17:18:42"
"208";"11";"107";"1";NULL;"2025-12-12 17:18:42"
"209";"11";"108";"1";NULL;"2025-12-12 17:18:42"
"210";"12";"81";"1";NULL;"2025-12-12 17:18:42"
"211";"12";"82";"1";NULL;"2025-12-12 17:18:42"
"212";"12";"83";"1";NULL;"2025-12-12 17:18:42"
"213";"12";"84";"1";NULL;"2025-12-12 17:18:42"
"214";"12";"85";"1";NULL;"2025-12-12 17:18:42"
"215";"12";"86";"1";NULL;"2025-12-12 17:18:42"
"216";"12";"87";"1";NULL;"2025-12-12 17:18:42"
"217";"12";"88";"1";NULL;"2025-12-12 17:18:42"
"218";"12";"89";"1";NULL;"2025-12-12 17:18:42"
"219";"12";"90";"1";NULL;"2025-12-12 17:18:42"
"220";"12";"91";"1";NULL;"2025-12-12 17:18:42"
"221";"12";"107";"1";NULL;"2025-12-12 17:18:42"
"222";"12";"108";"1";NULL;"2025-12-12 17:18:42"
"223";"12";"109";"1";NULL;"2025-12-12 17:18:42"
"224";"12";"110";"1";NULL;"2025-12-12 17:18:42"
"225";"13";"81";"1";NULL;"2025-12-12 17:18:42"
"226";"13";"82";"1";NULL;"2025-12-12 17:18:42"
"227";"13";"83";"1";NULL;"2025-12-12 17:18:42"
"228";"13";"84";"1";NULL;"2025-12-12 17:18:42"
"229";"13";"87";"1";NULL;"2025-12-12 17:18:42"
"230";"13";"88";"1";NULL;"2025-12-12 17:18:42"
"231";"13";"89";"1";NULL;"2025-12-12 17:18:42"
"232";"13";"107";"1";NULL;"2025-12-12 17:18:42"
"233";"13";"108";"1";NULL;"2025-12-12 17:18:42"
"234";"14";"45";"1";NULL;"2025-12-12 17:18:42"
"235";"14";"46";"1";NULL;"2025-12-12 17:18:42"
"236";"14";"47";"1";NULL;"2025-12-12 17:18:42"
"237";"14";"48";"1";NULL;"2025-12-12 17:18:42"
"238";"14";"49";"1";NULL;"2025-12-12 17:18:42"
"239";"14";"50";"1";NULL;"2025-12-12 17:18:42"
"240";"14";"107";"1";NULL;"2025-12-12 17:18:42"
"241";"14";"108";"1";NULL;"2025-12-12 17:18:42"
"242";"14";"109";"1";NULL;"2025-12-12 17:18:42"
"243";"15";"45";"1";NULL;"2025-12-12 17:18:42"
"244";"15";"46";"1";NULL;"2025-12-12 17:18:42"
"245";"15";"48";"1";NULL;"2025-12-12 17:18:42"
"246";"15";"107";"1";NULL;"2025-12-12 17:18:42"
"247";"15";"108";"1";NULL;"2025-12-12 17:18:42"
"248";"16";"63";"1";NULL;"2025-12-12 17:18:42"
"249";"16";"64";"1";NULL;"2025-12-12 17:18:42"
"250";"16";"65";"1";NULL;"2025-12-12 17:18:42"
"251";"16";"66";"1";NULL;"2025-12-12 17:18:42"
"252";"16";"67";"1";NULL;"2025-12-12 17:18:42"
"253";"16";"68";"1";NULL;"2025-12-12 17:18:42"
"254";"16";"69";"1";NULL;"2025-12-12 17:18:42"
"255";"16";"70";"1";NULL;"2025-12-12 17:18:42"
"256";"16";"71";"1";NULL;"2025-12-12 17:18:42"
"257";"16";"72";"1";NULL;"2025-12-12 17:18:42"
"258";"16";"73";"1";NULL;"2025-12-12 17:18:42"
"259";"16";"74";"1";NULL;"2025-12-12 17:18:42"
"260";"16";"75";"1";NULL;"2025-12-12 17:18:42"
"261";"16";"76";"1";NULL;"2025-12-12 17:18:42"
"262";"16";"77";"1";NULL;"2025-12-12 17:18:42"
"263";"16";"78";"1";NULL;"2025-12-12 17:18:42"
"264";"16";"79";"1";NULL;"2025-12-12 17:18:42"
"265";"16";"80";"1";NULL;"2025-12-12 17:18:42"
"266";"16";"107";"1";NULL;"2025-12-12 17:18:42"
"267";"16";"108";"1";NULL;"2025-12-12 17:18:42"
"268";"16";"109";"1";NULL;"2025-12-12 17:18:42"
"269";"16";"110";"1";NULL;"2025-12-12 17:18:42"
"270";"30";"1";"1";NULL;"2025-12-12 17:18:42"
"271";"30";"2";"1";NULL;"2025-12-12 17:18:42"
"272";"30";"3";"1";NULL;"2025-12-12 17:18:42"
"273";"30";"4";"1";NULL;"2025-12-12 17:18:42"
"274";"30";"5";"1";NULL;"2025-12-12 17:18:42"
"275";"30";"6";"1";NULL;"2025-12-12 17:18:42"
"276";"30";"7";"1";NULL;"2025-12-12 17:18:42"
"277";"30";"8";"1";NULL;"2025-12-12 17:18:42"
"278";"30";"9";"1";NULL;"2025-12-12 17:18:42"
"279";"30";"10";"1";NULL;"2025-12-12 17:18:42"
"280";"30";"11";"1";NULL;"2025-12-12 17:18:42"
"281";"30";"12";"1";NULL;"2025-12-12 17:18:42"
"282";"30";"13";"1";NULL;"2025-12-12 17:18:42"
"283";"30";"14";"1";NULL;"2025-12-12 17:18:42"
"284";"30";"15";"1";NULL;"2025-12-12 17:18:42"
"285";"30";"16";"1";NULL;"2025-12-12 17:18:42"
"286";"30";"17";"1";NULL;"2025-12-12 17:18:42"
"287";"30";"18";"1";NULL;"2025-12-12 17:18:42"
"288";"30";"19";"1";NULL;"2025-12-12 17:18:42"
"289";"30";"20";"1";NULL;"2025-12-12 17:18:42"
"290";"30";"21";"1";NULL;"2025-12-12 17:18:42"
"291";"30";"22";"1";NULL;"2025-12-12 17:18:42"
"292";"30";"23";"1";NULL;"2025-12-12 17:18:42"
"293";"30";"24";"1";NULL;"2025-12-12 17:18:42"
"294";"30";"25";"1";NULL;"2025-12-12 17:18:42"
"295";"30";"26";"1";NULL;"2025-12-12 17:18:42"
"296";"30";"27";"1";NULL;"2025-12-12 17:18:42"
"297";"30";"28";"1";NULL;"2025-12-12 17:18:42"
"298";"30";"29";"1";NULL;"2025-12-12 17:18:42"
"299";"30";"30";"1";NULL;"2025-12-12 17:18:42"
"300";"30";"31";"1";NULL;"2025-12-12 17:18:42"
"301";"30";"32";"1";NULL;"2025-12-12 17:18:42"
"302";"30";"33";"1";NULL;"2025-12-12 17:18:42"
"303";"30";"34";"1";NULL;"2025-12-12 17:18:42"
"304";"30";"35";"1";NULL;"2025-12-12 17:18:42"
"305";"30";"36";"1";NULL;"2025-12-12 17:18:42"
"306";"30";"37";"1";NULL;"2025-12-12 17:18:42"
"307";"30";"38";"1";NULL;"2025-12-12 17:18:42"
"308";"30";"39";"1";NULL;"2025-12-12 17:18:42"
"309";"30";"40";"1";NULL;"2025-12-12 17:18:42"
"310";"30";"41";"1";NULL;"2025-12-12 17:18:42"
"311";"30";"42";"1";NULL;"2025-12-12 17:18:42"
"312";"30";"43";"1";NULL;"2025-12-12 17:18:42"
"313";"30";"44";"1";NULL;"2025-12-12 17:18:42"
"314";"30";"45";"1";NULL;"2025-12-12 17:18:42"
"315";"30";"46";"1";NULL;"2025-12-12 17:18:42"
"316";"30";"47";"1";NULL;"2025-12-12 17:18:42"
"317";"30";"48";"1";NULL;"2025-12-12 17:18:42"
"318";"30";"49";"1";NULL;"2025-12-12 17:18:42"
"319";"30";"50";"1";NULL;"2025-12-12 17:18:42"
"320";"30";"51";"1";NULL;"2025-12-12 17:18:42"
"321";"30";"52";"1";NULL;"2025-12-12 17:18:42"
"322";"30";"53";"1";NULL;"2025-12-12 17:18:42"
"323";"30";"54";"1";NULL;"2025-12-12 17:18:42"
"324";"30";"55";"1";NULL;"2025-12-12 17:18:42"
"325";"30";"56";"1";NULL;"2025-12-12 17:18:42"
"326";"30";"57";"1";NULL;"2025-12-12 17:18:42"
"327";"30";"58";"1";NULL;"2025-12-12 17:18:42"
"328";"30";"59";"1";NULL;"2025-12-12 17:18:42"
"329";"30";"60";"1";NULL;"2025-12-12 17:18:42"
"330";"30";"61";"1";NULL;"2025-12-12 17:18:42"
"331";"30";"62";"1";NULL;"2025-12-12 17:18:42"
"332";"30";"63";"1";NULL;"2025-12-12 17:18:42"
"333";"30";"64";"1";NULL;"2025-12-12 17:18:42"
"334";"30";"65";"1";NULL;"2025-12-12 17:18:42"
"335";"30";"66";"1";NULL;"2025-12-12 17:18:42"
"336";"30";"67";"1";NULL;"2025-12-12 17:18:42"
"337";"30";"68";"1";NULL;"2025-12-12 17:18:42"
"338";"30";"69";"1";NULL;"2025-12-12 17:18:42"
"339";"30";"70";"1";NULL;"2025-12-12 17:18:42"
"340";"30";"71";"1";NULL;"2025-12-12 17:18:42"
"341";"30";"72";"1";NULL;"2025-12-12 17:18:42"
"342";"30";"73";"1";NULL;"2025-12-12 17:18:42"
"343";"30";"74";"1";NULL;"2025-12-12 17:18:42"
"344";"30";"75";"1";NULL;"2025-12-12 17:18:42"
"345";"30";"76";"1";NULL;"2025-12-12 17:18:42"
"346";"30";"77";"1";NULL;"2025-12-12 17:18:42"
"347";"30";"78";"1";NULL;"2025-12-12 17:18:42"
"348";"30";"79";"1";NULL;"2025-12-12 17:18:42"
"349";"30";"80";"1";NULL;"2025-12-12 17:18:42"
"350";"30";"81";"1";NULL;"2025-12-12 17:18:42"
"351";"30";"82";"1";NULL;"2025-12-12 17:18:42"
"352";"30";"83";"1";NULL;"2025-12-12 17:18:42"
"353";"30";"84";"1";NULL;"2025-12-12 17:18:42"
"354";"30";"85";"1";NULL;"2025-12-12 17:18:42"
"355";"30";"86";"1";NULL;"2025-12-12 17:18:42"
"356";"30";"87";"1";NULL;"2025-12-12 17:18:42"
"357";"30";"88";"1";NULL;"2025-12-12 17:18:42"
"358";"30";"89";"1";NULL;"2025-12-12 17:18:42"
"359";"30";"90";"1";NULL;"2025-12-12 17:18:42"
"360";"30";"91";"1";NULL;"2025-12-12 17:18:42"
"361";"30";"92";"1";NULL;"2025-12-12 17:18:42"
"362";"30";"93";"1";NULL;"2025-12-12 17:18:42"
"363";"30";"94";"1";NULL;"2025-12-12 17:18:42"
"364";"30";"95";"1";NULL;"2025-12-12 17:18:42"
"365";"30";"96";"1";NULL;"2025-12-12 17:18:42"
"366";"30";"97";"1";NULL;"2025-12-12 17:18:42"
"367";"30";"98";"1";NULL;"2025-12-12 17:18:42"
"368";"30";"99";"1";NULL;"2025-12-12 17:18:42"
"369";"30";"100";"1";NULL;"2025-12-12 17:18:42"
"370";"30";"101";"1";NULL;"2025-12-12 17:18:42"
"371";"30";"102";"1";NULL;"2025-12-12 17:18:42"
"372";"30";"103";"1";NULL;"2025-12-12 17:18:42"
"373";"30";"104";"1";NULL;"2025-12-12 17:18:42"
"374";"30";"105";"1";NULL;"2025-12-12 17:18:42"
"375";"30";"106";"1";NULL;"2025-12-12 17:18:42"
"376";"30";"107";"1";NULL;"2025-12-12 17:18:42"
"377";"30";"108";"1";NULL;"2025-12-12 17:18:42"
"378";"30";"109";"1";NULL;"2025-12-12 17:18:42"
"379";"30";"110";"1";NULL;"2025-12-12 17:18:42"
"380";"30";"111";"1";NULL;"2025-12-12 17:18:42"
"381";"30";"112";"1";NULL;"2025-12-12 17:18:42"
"382";"30";"113";"1";NULL;"2025-12-12 17:18:42"
"383";"30";"114";"1";NULL;"2025-12-12 17:18:42"
"384";"30";"115";"1";NULL;"2025-12-12 17:18:42"
"385";"32";"63";"1";NULL;"2025-12-12 17:18:42"
"386";"32";"64";"1";NULL;"2025-12-12 17:18:42"
"387";"32";"65";"1";NULL;"2025-12-12 17:18:42"
"388";"32";"66";"1";NULL;"2025-12-12 17:18:42"
"389";"32";"67";"1";NULL;"2025-12-12 17:18:42"
"390";"32";"68";"1";NULL;"2025-12-12 17:18:42"
"391";"32";"69";"1";NULL;"2025-12-12 17:18:42"
"392";"32";"70";"1";NULL;"2025-12-12 17:18:42"
"393";"32";"71";"1";NULL;"2025-12-12 17:18:42"
"394";"32";"72";"1";NULL;"2025-12-12 17:18:42"
"395";"32";"73";"1";NULL;"2025-12-12 17:18:42"
"396";"32";"74";"1";NULL;"2025-12-12 17:18:42"
"397";"32";"75";"1";NULL;"2025-12-12 17:18:42"
"398";"32";"77";"1";NULL;"2025-12-12 17:18:42"
"399";"32";"78";"1";NULL;"2025-12-12 17:18:42"
"400";"32";"79";"1";NULL;"2025-12-12 17:18:42"
"401";"32";"107";"1";NULL;"2025-12-12 17:18:42"
"402";"32";"108";"1";NULL;"2025-12-12 17:18:42"
"403";"33";"107";"1";NULL;"2025-12-12 17:18:42"
"404";"33";"108";"1";NULL;"2025-12-12 17:18:42"
"405";"33";"109";"1";NULL;"2025-12-12 17:18:42"
"406";"33";"110";"1";NULL;"2025-12-12 17:18:42"
"407";"33";"111";"1";NULL;"2025-12-12 17:18:42"
"408";"33";"112";"1";NULL;"2025-12-12 17:18:42"
"409";"33";"113";"1";NULL;"2025-12-12 17:18:42"
"410";"33";"114";"1";NULL;"2025-12-12 17:18:42"
"411";"33";"115";"1";NULL;"2025-12-12 17:18:42"
"412";"34";"107";"1";NULL;"2025-12-12 17:18:42"
"413";"34";"108";"1";NULL;"2025-12-12 17:18:42"
"414";"34";"109";"1";NULL;"2025-12-12 17:18:42"
"415";"34";"111";"1";NULL;"2025-12-12 17:18:42"
"416";"34";"112";"1";NULL;"2025-12-12 17:18:42"
"417";"35";"29";"1";NULL;"2025-12-12 17:18:42"
"418";"35";"30";"1";NULL;"2025-12-12 17:18:42"
"419";"35";"31";"1";NULL;"2025-12-12 17:18:42"
"420";"35";"32";"1";NULL;"2025-12-12 17:18:42"
"421";"35";"33";"1";NULL;"2025-12-12 17:18:42"
"422";"35";"34";"1";NULL;"2025-12-12 17:18:42"
"423";"35";"35";"1";NULL;"2025-12-12 17:18:42"
"424";"35";"36";"1";NULL;"2025-12-12 17:18:42"
"425";"35";"37";"1";NULL;"2025-12-12 17:18:42"
"426";"35";"38";"1";NULL;"2025-12-12 17:18:42"
"427";"35";"39";"1";NULL;"2025-12-12 17:18:42"
"428";"35";"40";"1";NULL;"2025-12-12 17:18:42"
"429";"35";"41";"1";NULL;"2025-12-12 17:18:42"
"430";"35";"42";"1";NULL;"2025-12-12 17:18:42"
"431";"35";"43";"1";NULL;"2025-12-12 17:18:42"
"432";"35";"44";"1";NULL;"2025-12-12 17:18:42"
"433";"35";"45";"1";NULL;"2025-12-12 17:18:42"
"434";"35";"46";"1";NULL;"2025-12-12 17:18:42"
"435";"35";"47";"1";NULL;"2025-12-12 17:18:42"
"436";"35";"48";"1";NULL;"2025-12-12 17:18:42"
"437";"35";"49";"1";NULL;"2025-12-12 17:18:43"
"438";"35";"50";"1";NULL;"2025-12-12 17:18:43"
"439";"35";"107";"1";NULL;"2025-12-12 17:18:43"
"440";"35";"108";"1";NULL;"2025-12-12 17:18:43"
"441";"35";"109";"1";NULL;"2025-12-12 17:18:43"
"442";"35";"110";"1";NULL;"2025-12-12 17:18:43"
"443";"36";"29";"1";NULL;"2025-12-12 17:18:43"
"444";"36";"30";"1";NULL;"2025-12-12 17:18:43"
"445";"36";"31";"1";NULL;"2025-12-12 17:18:43"
"446";"36";"32";"1";NULL;"2025-12-12 17:18:43"
"447";"36";"33";"1";NULL;"2025-12-12 17:18:43"
"448";"36";"34";"1";NULL;"2025-12-12 17:18:43"
"449";"36";"35";"1";NULL;"2025-12-12 17:18:43"
"450";"36";"36";"1";NULL;"2025-12-12 17:18:43"
"451";"36";"37";"1";NULL;"2025-12-12 17:18:43"
"452";"36";"38";"1";NULL;"2025-12-12 17:18:43"
"453";"36";"39";"1";NULL;"2025-12-12 17:18:43"
"454";"36";"40";"1";NULL;"2025-12-12 17:18:43"
"455";"36";"41";"1";NULL;"2025-12-12 17:18:43"
"456";"36";"42";"1";NULL;"2025-12-12 17:18:43"
"457";"36";"43";"1";NULL;"2025-12-12 17:18:43"
"458";"36";"44";"1";NULL;"2025-12-12 17:18:43"
"459";"36";"45";"1";NULL;"2025-12-12 17:18:43"
"460";"36";"46";"1";NULL;"2025-12-12 17:18:43"
"461";"36";"47";"1";NULL;"2025-12-12 17:18:43"
"462";"36";"48";"1";NULL;"2025-12-12 17:18:43"
"463";"36";"49";"1";NULL;"2025-12-12 17:18:43"
"464";"36";"50";"1";NULL;"2025-12-12 17:18:43"
"465";"36";"107";"1";NULL;"2025-12-12 17:18:43"
"466";"36";"108";"1";NULL;"2025-12-12 17:18:43"
"467";"36";"109";"1";NULL;"2025-12-12 17:18:43"
"468";"37";"29";"1";NULL;"2025-12-12 17:18:43"
"469";"37";"30";"1";NULL;"2025-12-12 17:18:43"
"470";"37";"31";"1";NULL;"2025-12-12 17:18:43"
"471";"37";"32";"1";NULL;"2025-12-12 17:18:43"
"472";"37";"33";"1";NULL;"2025-12-12 17:18:43"
"473";"37";"34";"1";NULL;"2025-12-12 17:18:43"
"474";"37";"35";"1";NULL;"2025-12-12 17:18:43"
"475";"37";"36";"1";NULL;"2025-12-12 17:18:43"
"476";"37";"37";"1";NULL;"2025-12-12 17:18:43"
"477";"37";"38";"1";NULL;"2025-12-12 17:18:43"
"478";"37";"39";"1";NULL;"2025-12-12 17:18:43"
"479";"37";"40";"1";NULL;"2025-12-12 17:18:43"
"480";"37";"41";"1";NULL;"2025-12-12 17:18:43"
"481";"37";"107";"1";NULL;"2025-12-12 17:18:43"
"482";"37";"108";"1";NULL;"2025-12-12 17:18:43"
"483";"38";"29";"1";NULL;"2025-12-12 17:18:43"
"484";"38";"30";"1";NULL;"2025-12-12 17:18:43"
"485";"38";"32";"1";NULL;"2025-12-12 17:18:43"
"486";"38";"33";"1";NULL;"2025-12-12 17:18:43"
"487";"38";"34";"1";NULL;"2025-12-12 17:18:43"
"488";"38";"35";"1";NULL;"2025-12-12 17:18:43"
"489";"38";"36";"1";NULL;"2025-12-12 17:18:43"
"490";"38";"39";"1";NULL;"2025-12-12 17:18:43"
"491";"38";"107";"1";NULL;"2025-12-12 17:18:43"
"492";"38";"108";"1";NULL;"2025-12-12 17:18:43"
"493";"39";"29";"1";NULL;"2025-12-12 17:18:43"
"494";"39";"30";"1";NULL;"2025-12-12 17:18:43"
"495";"39";"32";"1";NULL;"2025-12-12 17:18:43"
"496";"39";"34";"1";NULL;"2025-12-12 17:18:43"
"497";"39";"35";"1";NULL;"2025-12-12 17:18:43"
"498";"39";"36";"1";NULL;"2025-12-12 17:18:43"
"499";"39";"39";"1";NULL;"2025-12-12 17:18:43"
"500";"39";"107";"1";NULL;"2025-12-12 17:18:43"
"501";"39";"108";"1";NULL;"2025-12-12 17:18:43"
"502";"40";"29";"1";NULL;"2025-12-12 17:18:43"
"503";"40";"30";"1";NULL;"2025-12-12 17:18:43"
"504";"40";"31";"1";NULL;"2025-12-12 17:18:43"
"505";"40";"32";"1";NULL;"2025-12-12 17:18:43"
"506";"40";"33";"1";NULL;"2025-12-12 17:18:43"
"507";"40";"34";"1";NULL;"2025-12-12 17:18:43"
"508";"40";"35";"1";NULL;"2025-12-12 17:18:43"
"509";"40";"36";"1";NULL;"2025-12-12 17:18:43"
"510";"40";"37";"1";NULL;"2025-12-12 17:18:43"
"511";"40";"38";"1";NULL;"2025-12-12 17:18:43"
"512";"40";"39";"1";NULL;"2025-12-12 17:18:43"
"513";"40";"40";"1";NULL;"2025-12-12 17:18:43"
"514";"40";"41";"1";NULL;"2025-12-12 17:18:43"
"515";"40";"43";"1";NULL;"2025-12-12 17:18:43"
"516";"40";"44";"1";NULL;"2025-12-12 17:18:43"
"517";"40";"45";"1";NULL;"2025-12-12 17:18:43"
"518";"40";"46";"1";NULL;"2025-12-12 17:18:43"
"519";"40";"48";"1";NULL;"2025-12-12 17:18:43"
"520";"40";"49";"1";NULL;"2025-12-12 17:18:43"
"521";"40";"50";"1";NULL;"2025-12-12 17:18:43"
"522";"40";"107";"1";NULL;"2025-12-12 17:18:43"
"523";"40";"108";"1";NULL;"2025-12-12 17:18:43"
"524";"40";"109";"1";NULL;"2025-12-12 17:18:43"
"528";"30";"118";"1";NULL;"2026-01-27 15:49:33"
"536";"2";"119";"1";NULL;"2026-02-16 23:10:07"
"537";"2";"120";"1";NULL;"2026-02-16 23:10:07"
"538";"2";"121";"1";NULL;"2026-02-16 23:10:07"
"539";"2";"122";"1";NULL;"2026-02-16 23:10:07"
"540";"2";"123";"1";NULL;"2026-02-16 23:10:07"
"541";"2";"124";"1";NULL;"2026-02-16 23:10:07"
"542";"2";"125";"1";NULL;"2026-02-16 23:10:07"
"543";"3";"119";"1";NULL;"2026-02-16 23:10:07"
"544";"3";"120";"1";NULL;"2026-02-16 23:10:07"
"545";"3";"124";"1";NULL;"2026-02-16 23:10:07"
"546";"2";"156";"1";NULL;"2026-03-07 10:49:02"
"547";"2";"158";"1";NULL;"2026-03-07 10:49:02"
"548";"2";"155";"1";NULL;"2026-03-07 10:49:02"
"549";"2";"159";"1";NULL;"2026-03-07 10:49:02"
"550";"2";"157";"1";NULL;"2026-03-07 10:49:02"
"551";"3";"156";"1";NULL;"2026-03-07 10:49:02"
"552";"3";"158";"1";NULL;"2026-03-07 10:49:02"
"553";"3";"155";"1";NULL;"2026-03-07 10:49:02"
"554";"3";"159";"1";NULL;"2026-03-07 10:49:02"
"555";"3";"157";"1";NULL;"2026-03-07 10:49:02"
"561";"35";"161";"1";NULL;"2026-03-07 10:49:02"
"562";"35";"164";"1";NULL;"2026-03-07 10:49:02"
"563";"35";"160";"1";NULL;"2026-03-07 10:49:02"
"564";"35";"166";"1";NULL;"2026-03-07 10:49:02"
"565";"35";"163";"1";NULL;"2026-03-07 10:49:02"
"566";"35";"165";"1";NULL;"2026-03-07 10:49:02"
"567";"35";"162";"1";NULL;"2026-03-07 10:49:02"
"568";"36";"161";"1";NULL;"2026-03-07 10:49:02"
"569";"36";"164";"1";NULL;"2026-03-07 10:49:02"
"570";"36";"160";"1";NULL;"2026-03-07 10:49:02"
"571";"36";"166";"1";NULL;"2026-03-07 10:49:02"
"572";"36";"163";"1";NULL;"2026-03-07 10:49:02"
"573";"36";"165";"1";NULL;"2026-03-07 10:49:02"
"574";"36";"162";"1";NULL;"2026-03-07 10:49:02"
"575";"37";"161";"1";NULL;"2026-03-07 10:49:02"
"576";"37";"164";"1";NULL;"2026-03-07 10:49:02"
"577";"37";"160";"1";NULL;"2026-03-07 10:49:02"
"578";"37";"166";"1";NULL;"2026-03-07 10:49:02"
"579";"37";"163";"1";NULL;"2026-03-07 10:49:02"
"580";"37";"165";"1";NULL;"2026-03-07 10:49:02"
"581";"37";"162";"1";NULL;"2026-03-07 10:49:02"
"582";"38";"161";"1";NULL;"2026-03-07 10:49:02"
"583";"38";"164";"1";NULL;"2026-03-07 10:49:02"
"584";"38";"160";"1";NULL;"2026-03-07 10:49:02"
"585";"38";"166";"1";NULL;"2026-03-07 10:49:02"
"586";"38";"163";"1";NULL;"2026-03-07 10:49:02"
"587";"38";"165";"1";NULL;"2026-03-07 10:49:02"
"588";"38";"162";"1";NULL;"2026-03-07 10:49:02"
"589";"39";"161";"1";NULL;"2026-03-07 10:49:02"
"590";"39";"164";"1";NULL;"2026-03-07 10:49:02"
"591";"39";"160";"1";NULL;"2026-03-07 10:49:02"
"592";"39";"166";"1";NULL;"2026-03-07 10:49:02"
"593";"39";"163";"1";NULL;"2026-03-07 10:49:02"
"594";"39";"165";"1";NULL;"2026-03-07 10:49:02"
"595";"39";"162";"1";NULL;"2026-03-07 10:49:02"
"596";"40";"161";"1";NULL;"2026-03-07 10:49:02"
"597";"40";"164";"1";NULL;"2026-03-07 10:49:02"
"598";"40";"160";"1";NULL;"2026-03-07 10:49:02"
"599";"40";"166";"1";NULL;"2026-03-07 10:49:02"
"600";"40";"163";"1";NULL;"2026-03-07 10:49:02"
"601";"40";"165";"1";NULL;"2026-03-07 10:49:02"
"602";"40";"162";"1";NULL;"2026-03-07 10:49:02"
"624";"16";"168";"1";NULL;"2026-03-07 10:49:02"
"625";"16";"174";"1";NULL;"2026-03-07 10:49:02"
"626";"16";"167";"1";NULL;"2026-03-07 10:49:02"
"627";"16";"175";"1";NULL;"2026-03-07 10:49:02"
"628";"16";"170";"1";NULL;"2026-03-07 10:49:02"
"629";"16";"169";"1";NULL;"2026-03-07 10:49:02"
"630";"16";"171";"1";NULL;"2026-03-07 10:49:02"
"631";"16";"172";"1";NULL;"2026-03-07 10:49:02"
"632";"16";"173";"1";NULL;"2026-03-07 10:49:02"
"633";"32";"168";"1";NULL;"2026-03-07 10:49:02"
"634";"32";"174";"1";NULL;"2026-03-07 10:49:02"
"635";"32";"167";"1";NULL;"2026-03-07 10:49:02"
"636";"32";"175";"1";NULL;"2026-03-07 10:49:02"
"637";"32";"170";"1";NULL;"2026-03-07 10:49:02"
"638";"32";"169";"1";NULL;"2026-03-07 10:49:02"
"639";"32";"171";"1";NULL;"2026-03-07 10:49:02"
"640";"32";"172";"1";NULL;"2026-03-07 10:49:02"
"641";"32";"173";"1";NULL;"2026-03-07 10:49:02"
"655";"30";"157";"1";NULL;"2026-03-07 10:49:02"
"657";"30";"159";"1";NULL;"2026-03-07 10:49:02"
"659";"30";"155";"1";NULL;"2026-03-07 10:49:02"
"661";"30";"158";"1";NULL;"2026-03-07 10:49:02"
"663";"30";"156";"1";NULL;"2026-03-07 10:49:02"
"665";"30";"162";"1";NULL;"2026-03-07 10:49:02"
"667";"30";"165";"1";NULL;"2026-03-07 10:49:02"
"669";"30";"163";"1";NULL;"2026-03-07 10:49:02"
"671";"30";"166";"1";NULL;"2026-03-07 10:49:02"
"673";"30";"160";"1";NULL;"2026-03-07 10:49:02"
"675";"30";"164";"1";NULL;"2026-03-07 10:49:02"
"677";"30";"161";"1";NULL;"2026-03-07 10:49:02"
"679";"30";"173";"1";NULL;"2026-03-07 10:49:02"
"681";"30";"172";"1";NULL;"2026-03-07 10:49:02"
"683";"30";"171";"1";NULL;"2026-03-07 10:49:02"
"685";"30";"169";"1";NULL;"2026-03-07 10:49:02"
"687";"30";"170";"1";NULL;"2026-03-07 10:49:02"
"689";"30";"175";"1";NULL;"2026-03-07 10:49:02"
"691";"30";"167";"1";NULL;"2026-03-07 10:49:02"
"693";"30";"174";"1";NULL;"2026-03-07 10:49:02"
"695";"30";"168";"1";NULL;"2026-03-07 10:49:02"
"718";"1";"154";"1";NULL;"2026-03-07 12:05:50"
"719";"1";"85";"1";NULL;"2026-03-07 12:05:50"
"720";"1";"83";"1";NULL;"2026-03-07 12:05:50"
"721";"1";"84";"1";NULL;"2026-03-07 12:05:50"
"722";"1";"82";"1";NULL;"2026-03-07 12:05:50"
"723";"1";"81";"1";NULL;"2026-03-07 12:05:50"
"724";"1";"86";"1";NULL;"2026-03-07 12:05:50"
"725";"1";"90";"1";NULL;"2026-03-07 12:05:50"
"726";"1";"88";"1";NULL;"2026-03-07 12:05:50"
"727";"1";"87";"1";NULL;"2026-03-07 12:05:50"
"728";"1";"91";"1";NULL;"2026-03-07 12:05:50"
"729";"1";"89";"1";NULL;"2026-03-07 12:05:50"
"730";"1";"384";"1";NULL;"2026-03-07 12:05:50"
"731";"1";"383";"1";NULL;"2026-03-07 12:05:50"
"732";"1";"381";"1";NULL;"2026-03-07 12:05:50"
"733";"1";"382";"1";NULL;"2026-03-07 12:05:50"
"734";"1";"114";"1";NULL;"2026-03-07 12:05:50"
"735";"1";"113";"1";NULL;"2026-03-07 12:05:50"
"736";"1";"112";"1";NULL;"2026-03-07 12:05:50"
"737";"1";"111";"1";NULL;"2026-03-07 12:05:50"
"738";"1";"115";"1";NULL;"2026-03-07 12:05:50"
"739";"1";"108";"1";NULL;"2026-03-07 12:05:50"
"740";"1";"107";"1";NULL;"2026-03-07 12:05:50"
"741";"1";"110";"1";NULL;"2026-03-07 12:05:50"
"742";"1";"109";"1";NULL;"2026-03-07 12:05:50"
"743";"1";"138";"1";NULL;"2026-03-07 12:05:50"
"744";"1";"140";"1";NULL;"2026-03-07 12:05:50"
"745";"1";"139";"1";NULL;"2026-03-07 12:05:50"
"746";"1";"136";"1";NULL;"2026-03-07 12:05:50"
"747";"1";"137";"1";NULL;"2026-03-07 12:05:50"
"748";"1";"147";"1";NULL;"2026-03-07 12:05:50"
"749";"1";"146";"1";NULL;"2026-03-07 12:05:50"
"750";"1";"143";"1";NULL;"2026-03-07 12:05:50"
"751";"1";"144";"1";NULL;"2026-03-07 12:05:50"
"752";"1";"145";"1";NULL;"2026-03-07 12:05:50"
"753";"1";"142";"1";NULL;"2026-03-07 12:05:50"
"754";"1";"141";"1";NULL;"2026-03-07 12:05:50"
"755";"1";"133";"1";NULL;"2026-03-07 12:05:50"
"756";"1";"132";"1";NULL;"2026-03-07 12:05:50"
"757";"1";"128";"1";NULL;"2026-03-07 12:05:50"
"758";"1";"130";"1";NULL;"2026-03-07 12:05:50"
"759";"1";"129";"1";NULL;"2026-03-07 12:05:50"
"760";"1";"131";"1";NULL;"2026-03-07 12:05:50"
"761";"1";"126";"1";NULL;"2026-03-07 12:05:50"
"762";"1";"127";"1";NULL;"2026-03-07 12:05:50"
"763";"1";"135";"1";NULL;"2026-03-07 12:05:50"
"764";"1";"134";"1";NULL;"2026-03-07 12:05:50"
"765";"1";"180";"1";NULL;"2026-03-07 12:05:50"
"766";"1";"178";"1";NULL;"2026-03-07 12:05:50"
"767";"1";"179";"1";NULL;"2026-03-07 12:05:50"
"768";"1";"176";"1";NULL;"2026-03-07 12:05:50"
"769";"1";"177";"1";NULL;"2026-03-07 12:05:50"
"770";"1";"315";"1";NULL;"2026-03-07 12:05:50"
"771";"1";"316";"1";NULL;"2026-03-07 12:05:50"
"772";"1";"318";"1";NULL;"2026-03-07 12:05:50"
"773";"1";"313";"1";NULL;"2026-03-07 12:05:50"
"774";"1";"317";"1";NULL;"2026-03-07 12:05:50"
"775";"1";"314";"1";NULL;"2026-03-07 12:05:50"
"776";"1";"303";"1";NULL;"2026-03-07 12:05:50"
"777";"1";"300";"1";NULL;"2026-03-07 12:05:50"
"778";"1";"302";"1";NULL;"2026-03-07 12:05:50"
"779";"1";"301";"1";NULL;"2026-03-07 12:05:50"
"780";"1";"305";"1";NULL;"2026-03-07 12:05:50"
"781";"1";"298";"1";NULL;"2026-03-07 12:05:50"
"782";"1";"304";"1";NULL;"2026-03-07 12:05:50"
"783";"1";"299";"1";NULL;"2026-03-07 12:05:50"
"784";"1";"308";"1";NULL;"2026-03-07 12:05:50"
"785";"1";"310";"1";NULL;"2026-03-07 12:05:50"
"786";"1";"309";"1";NULL;"2026-03-07 12:05:50"
"787";"1";"312";"1";NULL;"2026-03-07 12:05:50"
"788";"1";"306";"1";NULL;"2026-03-07 12:05:50"
"789";"1";"311";"1";NULL;"2026-03-07 12:05:50"
"790";"1";"307";"1";NULL;"2026-03-07 12:05:50"
"791";"1";"157";"1";NULL;"2026-03-07 12:05:50"
"792";"1";"159";"1";NULL;"2026-03-07 12:05:50"
"793";"1";"155";"1";NULL;"2026-03-07 12:05:50"
"794";"1";"158";"1";NULL;"2026-03-07 12:05:50"
"795";"1";"156";"1";NULL;"2026-03-07 12:05:50"
"796";"1";"203";"1";NULL;"2026-03-07 12:05:50"
"797";"1";"200";"1";NULL;"2026-03-07 12:05:50"
"798";"1";"202";"1";NULL;"2026-03-07 12:05:50"
"799";"1";"201";"1";NULL;"2026-03-07 12:05:50"
"800";"1";"206";"1";NULL;"2026-03-07 12:05:50"
"801";"1";"198";"1";NULL;"2026-03-07 12:05:50"
"802";"1";"207";"1";NULL;"2026-03-07 12:05:50"
"803";"1";"204";"1";NULL;"2026-03-07 12:05:50"
"804";"1";"205";"1";NULL;"2026-03-07 12:05:50"
"805";"1";"199";"1";NULL;"2026-03-07 12:05:50"
"806";"1";"3";"1";NULL;"2026-03-07 12:05:50"
"807";"1";"5";"1";NULL;"2026-03-07 12:05:50"
"808";"1";"4";"1";NULL;"2026-03-07 12:05:50"
"809";"1";"6";"1";NULL;"2026-03-07 12:05:50"
"810";"1";"182";"1";NULL;"2026-03-07 12:05:50"
"811";"1";"2";"1";NULL;"2026-03-07 12:05:50"
"812";"1";"1";"1";NULL;"2026-03-07 12:05:50"
"813";"1";"181";"1";NULL;"2026-03-07 12:05:50"
"814";"1";"10";"1";NULL;"2026-03-07 12:05:50"
"815";"1";"8";"1";NULL;"2026-03-07 12:05:50"
"816";"1";"7";"1";NULL;"2026-03-07 12:05:50"
"817";"1";"9";"1";NULL;"2026-03-07 12:05:50"
"818";"1";"26";"1";NULL;"2026-03-07 12:05:50"
"819";"1";"27";"1";NULL;"2026-03-07 12:05:50"
"820";"1";"25";"1";NULL;"2026-03-07 12:05:50"
"821";"1";"24";"1";NULL;"2026-03-07 12:05:50"
"822";"1";"28";"1";NULL;"2026-03-07 12:05:50"
"823";"1";"150";"1";NULL;"2026-03-07 12:05:50"
"824";"1";"124";"1";NULL;"2026-03-07 12:05:50"
"825";"1";"121";"1";NULL;"2026-03-07 12:05:50"
"826";"1";"123";"1";NULL;"2026-03-07 12:05:50"
"827";"1";"122";"1";NULL;"2026-03-07 12:05:50"
"828";"1";"125";"1";NULL;"2026-03-07 12:05:50"
"829";"1";"119";"1";NULL;"2026-03-07 12:05:50"
"830";"1";"120";"1";NULL;"2026-03-07 12:05:50"
"831";"1";"215";"1";NULL;"2026-03-07 12:05:50"
"832";"1";"213";"1";NULL;"2026-03-07 12:05:50"
"833";"1";"214";"1";NULL;"2026-03-07 12:05:50"
"834";"1";"16";"1";NULL;"2026-03-07 12:05:50"
"835";"1";"190";"1";NULL;"2026-03-07 12:05:50"
"836";"1";"13";"1";NULL;"2026-03-07 12:05:50"
"837";"1";"15";"1";NULL;"2026-03-07 12:05:50"
"838";"1";"14";"1";NULL;"2026-03-07 12:05:50"
"839";"1";"191";"1";NULL;"2026-03-07 12:05:50"
"840";"1";"12";"1";NULL;"2026-03-07 12:05:50"
"841";"1";"11";"1";NULL;"2026-03-07 12:05:50"
"842";"1";"17";"1";NULL;"2026-03-07 12:05:50"
"843";"1";"189";"1";NULL;"2026-03-07 12:05:50"
"844";"1";"188";"1";NULL;"2026-03-07 12:05:50"
"845";"1";"23";"1";NULL;"2026-03-07 12:05:50"
"846";"1";"20";"1";NULL;"2026-03-07 12:05:50"
"847";"1";"22";"1";NULL;"2026-03-07 12:05:50"
"848";"1";"21";"1";NULL;"2026-03-07 12:05:50"
"849";"1";"19";"1";NULL;"2026-03-07 12:05:50"
"850";"1";"18";"1";NULL;"2026-03-07 12:05:50"
"851";"1";"94";"1";NULL;"2026-03-07 12:05:50"
"852";"1";"95";"1";NULL;"2026-03-07 12:05:50"
"853";"1";"93";"1";NULL;"2026-03-07 12:05:50"
"854";"1";"92";"1";NULL;"2026-03-07 12:05:50"
"855";"1";"96";"1";NULL;"2026-03-07 12:05:50"
"856";"1";"153";"1";NULL;"2026-03-07 12:05:50"
"857";"1";"335";"1";NULL;"2026-03-07 12:05:50"
"858";"1";"336";"1";NULL;"2026-03-07 12:05:50"
"859";"1";"338";"1";NULL;"2026-03-07 12:05:50"
"860";"1";"333";"1";NULL;"2026-03-07 12:05:50"
"861";"1";"337";"1";NULL;"2026-03-07 12:05:50"
"862";"1";"334";"1";NULL;"2026-03-07 12:05:50"
"863";"1";"328";"1";NULL;"2026-03-07 12:05:50"
"864";"1";"330";"1";NULL;"2026-03-07 12:05:50"
"865";"1";"329";"1";NULL;"2026-03-07 12:05:50"
"866";"1";"332";"1";NULL;"2026-03-07 12:05:50"
"867";"1";"326";"1";NULL;"2026-03-07 12:05:50"
"868";"1";"331";"1";NULL;"2026-03-07 12:05:50"
"869";"1";"327";"1";NULL;"2026-03-07 12:05:50"
"870";"1";"323";"1";NULL;"2026-03-07 12:05:50"
"871";"1";"321";"1";NULL;"2026-03-07 12:05:50"
"872";"1";"322";"1";NULL;"2026-03-07 12:05:50"
"873";"1";"324";"1";NULL;"2026-03-07 12:05:50"
"874";"1";"325";"1";NULL;"2026-03-07 12:05:50"
"875";"1";"319";"1";NULL;"2026-03-07 12:05:50"
"876";"1";"320";"1";NULL;"2026-03-07 12:05:50"
"877";"1";"106";"1";NULL;"2026-03-07 12:05:50"
"878";"1";"104";"1";NULL;"2026-03-07 12:05:50"
"879";"1";"105";"1";NULL;"2026-03-07 12:05:50"
"880";"1";"103";"1";NULL;"2026-03-07 12:05:50"
"881";"1";"102";"1";NULL;"2026-03-07 12:05:50"
"882";"1";"101";"1";NULL;"2026-03-07 12:05:50"
"883";"1";"99";"1";NULL;"2026-03-07 12:05:50"
"884";"1";"100";"1";NULL;"2026-03-07 12:05:50"
"885";"1";"118";"1";NULL;"2026-03-07 12:05:50"
"886";"1";"98";"1";NULL;"2026-03-07 12:05:50"
"887";"1";"97";"1";NULL;"2026-03-07 12:05:50"
"888";"1";"55";"1";NULL;"2026-03-07 12:05:50"
"889";"1";"53";"1";NULL;"2026-03-07 12:05:50"
"890";"1";"292";"1";NULL;"2026-03-07 12:05:50"
"891";"1";"54";"1";NULL;"2026-03-07 12:05:50"
"892";"1";"52";"1";NULL;"2026-03-07 12:05:50"
"893";"1";"51";"1";NULL;"2026-03-07 12:05:50"
"894";"1";"293";"1";NULL;"2026-03-07 12:05:50"
"895";"1";"291";"1";NULL;"2026-03-07 12:05:50"
"896";"1";"152";"1";NULL;"2026-03-07 12:05:50"
"897";"1";"58";"1";NULL;"2026-03-07 12:05:50"
"898";"1";"57";"1";NULL;"2026-03-07 12:05:50"
"899";"1";"56";"1";NULL;"2026-03-07 12:05:50"
"900";"1";"61";"1";NULL;"2026-03-07 12:05:50"
"901";"1";"62";"1";NULL;"2026-03-07 12:05:50"
"902";"1";"60";"1";NULL;"2026-03-07 12:05:50"
"903";"1";"59";"1";NULL;"2026-03-07 12:05:50"
"904";"1";"283";"1";NULL;"2026-03-07 12:05:50"
"905";"1";"280";"1";NULL;"2026-03-07 12:05:50"
"906";"1";"282";"1";NULL;"2026-03-07 12:05:50"
"907";"1";"281";"1";NULL;"2026-03-07 12:05:50"
"908";"1";"284";"1";NULL;"2026-03-07 12:05:50"
"909";"1";"278";"1";NULL;"2026-03-07 12:05:50"
"910";"1";"279";"1";NULL;"2026-03-07 12:05:50"
"911";"1";"287";"1";NULL;"2026-03-07 12:05:50"
"912";"1";"289";"1";NULL;"2026-03-07 12:05:50"
"913";"1";"288";"1";NULL;"2026-03-07 12:05:50"
"914";"1";"290";"1";NULL;"2026-03-07 12:05:50"
"915";"1";"285";"1";NULL;"2026-03-07 12:05:50"
"916";"1";"286";"1";NULL;"2026-03-07 12:05:50"
"917";"1";"341";"1";NULL;"2026-03-07 12:05:50"
"918";"1";"339";"1";NULL;"2026-03-07 12:05:50"
"919";"1";"340";"1";NULL;"2026-03-07 12:05:50"
"920";"1";"350";"1";NULL;"2026-03-07 12:05:50"
"921";"1";"348";"1";NULL;"2026-03-07 12:05:50"
"922";"1";"349";"1";NULL;"2026-03-07 12:05:50"
"923";"1";"344";"1";NULL;"2026-03-07 12:05:50"
"924";"1";"342";"1";NULL;"2026-03-07 12:05:50"
"925";"1";"343";"1";NULL;"2026-03-07 12:05:50"
"926";"1";"347";"1";NULL;"2026-03-07 12:05:50"
"927";"1";"345";"1";NULL;"2026-03-07 12:05:50"
"928";"1";"346";"1";NULL;"2026-03-07 12:05:50"
"929";"1";"44";"1";NULL;"2026-03-07 12:05:50"
"930";"1";"42";"1";NULL;"2026-03-07 12:05:50"
"931";"1";"43";"1";NULL;"2026-03-07 12:05:50"
"932";"1";"41";"1";NULL;"2026-03-07 12:05:50"
"933";"1";"40";"1";NULL;"2026-03-07 12:05:50"
"934";"1";"245";"1";NULL;"2026-03-07 12:05:50"
"935";"1";"247";"1";NULL;"2026-03-07 12:05:50"
"936";"1";"246";"1";NULL;"2026-03-07 12:05:50"
"937";"1";"243";"1";NULL;"2026-03-07 12:05:50"
"938";"1";"244";"1";NULL;"2026-03-07 12:05:50"
"939";"1";"241";"1";NULL;"2026-03-07 12:05:50"
"940";"1";"238";"1";NULL;"2026-03-07 12:05:50"
"941";"1";"240";"1";NULL;"2026-03-07 12:05:50"
"942";"1";"239";"1";NULL;"2026-03-07 12:05:50"
"943";"1";"242";"1";NULL;"2026-03-07 12:05:50"
"944";"1";"236";"1";NULL;"2026-03-07 12:05:50"
"945";"1";"237";"1";NULL;"2026-03-07 12:05:50"
"946";"1";"37";"1";NULL;"2026-03-07 12:05:50"
"947";"1";"38";"1";NULL;"2026-03-07 12:05:50"
"948";"1";"39";"1";NULL;"2026-03-07 12:05:50"
"949";"1";"36";"1";NULL;"2026-03-07 12:05:50"
"950";"1";"35";"1";NULL;"2026-03-07 12:05:50"
"951";"1";"162";"1";NULL;"2026-03-07 12:05:50"
"952";"1";"165";"1";NULL;"2026-03-07 12:05:50"
"953";"1";"163";"1";NULL;"2026-03-07 12:05:50"
"954";"1";"166";"1";NULL;"2026-03-07 12:05:50"
"955";"1";"160";"1";NULL;"2026-03-07 12:05:50"
"956";"1";"164";"1";NULL;"2026-03-07 12:05:50"
"957";"1";"161";"1";NULL;"2026-03-07 12:05:50"
"958";"1";"234";"1";NULL;"2026-03-07 12:05:50"
"959";"1";"235";"1";NULL;"2026-03-07 12:05:50"
"960";"1";"232";"1";NULL;"2026-03-07 12:05:50"
"961";"1";"233";"1";NULL;"2026-03-07 12:05:50"
"962";"1";"49";"1";NULL;"2026-03-07 12:05:50"
"963";"1";"50";"1";NULL;"2026-03-07 12:05:50"
"964";"1";"117";"1";NULL;"2026-03-07 12:05:50"
"965";"1";"47";"1";NULL;"2026-03-07 12:05:50"
"966";"1";"48";"1";NULL;"2026-03-07 12:05:50"
"967";"1";"116";"1";NULL;"2026-03-07 12:05:50"
"968";"1";"46";"1";NULL;"2026-03-07 12:05:50"
"969";"1";"45";"1";NULL;"2026-03-07 12:05:50"
"970";"1";"221";"1";NULL;"2026-03-07 12:05:50"
"971";"1";"222";"1";NULL;"2026-03-07 12:05:50"
"972";"1";"218";"1";NULL;"2026-03-07 12:05:50"
"973";"1";"220";"1";NULL;"2026-03-07 12:05:50"
"974";"1";"219";"1";NULL;"2026-03-07 12:05:50"
"975";"1";"223";"1";NULL;"2026-03-07 12:05:50"
"976";"1";"216";"1";NULL;"2026-03-07 12:05:50"
"977";"1";"224";"1";NULL;"2026-03-07 12:05:50"
"978";"1";"217";"1";NULL;"2026-03-07 12:05:50"
"979";"1";"33";"1";NULL;"2026-03-07 12:05:50"
"980";"1";"34";"1";NULL;"2026-03-07 12:05:50"
"981";"1";"31";"1";NULL;"2026-03-07 12:05:50"
"982";"1";"32";"1";NULL;"2026-03-07 12:05:50"
"983";"1";"30";"1";NULL;"2026-03-07 12:05:50"
"984";"1";"29";"1";NULL;"2026-03-07 12:05:50"
"985";"1";"151";"1";NULL;"2026-03-07 12:05:50"
"986";"1";"375";"1";NULL;"2026-03-07 12:05:50"
"987";"1";"377";"1";NULL;"2026-03-07 12:05:50"
"988";"1";"376";"1";NULL;"2026-03-07 12:05:50"
"989";"1";"373";"1";NULL;"2026-03-07 12:05:50"
"990";"1";"374";"1";NULL;"2026-03-07 12:05:50"
"991";"1";"380";"1";NULL;"2026-03-07 12:05:50"
"992";"1";"378";"1";NULL;"2026-03-07 12:05:50"
"993";"1";"379";"1";NULL;"2026-03-07 12:05:50"
"994";"1";"370";"1";NULL;"2026-03-07 12:05:50"
"995";"1";"372";"1";NULL;"2026-03-07 12:05:50"
"996";"1";"371";"1";NULL;"2026-03-07 12:05:50"
"997";"1";"368";"1";NULL;"2026-03-07 12:05:50"
"998";"1";"369";"1";NULL;"2026-03-07 12:05:50"
"999";"1";"367";"1";NULL;"2026-03-07 12:05:50"
"1000";"1";"364";"1";NULL;"2026-03-07 12:05:50"
"1001";"1";"366";"1";NULL;"2026-03-07 12:05:50"
"1002";"1";"365";"1";NULL;"2026-03-07 12:05:50"
"1003";"1";"362";"1";NULL;"2026-03-07 12:05:50"
"1004";"1";"363";"1";NULL;"2026-03-07 12:05:50"
"1005";"1";"353";"1";NULL;"2026-03-07 12:05:50"
"1006";"1";"351";"1";NULL;"2026-03-07 12:05:50"
"1007";"1";"352";"1";NULL;"2026-03-07 12:05:50"
"1008";"1";"361";"1";NULL;"2026-03-07 12:05:50"
"1009";"1";"360";"1";NULL;"2026-03-07 12:05:50"
"1010";"1";"356";"1";NULL;"2026-03-07 12:05:50"
"1011";"1";"358";"1";NULL;"2026-03-07 12:05:50"
"1012";"1";"357";"1";NULL;"2026-03-07 12:05:50"
"1013";"1";"354";"1";NULL;"2026-03-07 12:05:50"
"1014";"1";"359";"1";NULL;"2026-03-07 12:05:50"
"1015";"1";"355";"1";NULL;"2026-03-07 12:05:50"
"1016";"1";"69";"1";NULL;"2026-03-07 12:05:50"
"1017";"1";"68";"1";NULL;"2026-03-07 12:05:50"
"1018";"1";"67";"1";NULL;"2026-03-07 12:05:50"
"1019";"1";"149";"1";NULL;"2026-03-07 12:05:50"
"1020";"1";"148";"1";NULL;"2026-03-07 12:05:50"
"1021";"1";"255";"1";NULL;"2026-03-07 12:05:50"
"1022";"1";"250";"1";NULL;"2026-03-07 12:05:50"
"1023";"1";"252";"1";NULL;"2026-03-07 12:05:50"
"1024";"1";"251";"1";NULL;"2026-03-07 12:05:50"
"1025";"1";"253";"1";NULL;"2026-03-07 12:05:50"
"1026";"1";"248";"1";NULL;"2026-03-07 12:05:50"
"1027";"1";"254";"1";NULL;"2026-03-07 12:05:50"
"1028";"1";"249";"1";NULL;"2026-03-07 12:05:50"
"1029";"1";"173";"1";NULL;"2026-03-07 12:05:50"
"1030";"1";"172";"1";NULL;"2026-03-07 12:05:50"
"1031";"1";"171";"1";NULL;"2026-03-07 12:05:50"
"1032";"1";"169";"1";NULL;"2026-03-07 12:05:50"
"1033";"1";"170";"1";NULL;"2026-03-07 12:05:50"
"1034";"1";"175";"1";NULL;"2026-03-07 12:05:50"
"1035";"1";"167";"1";NULL;"2026-03-07 12:05:50"
"1036";"1";"174";"1";NULL;"2026-03-07 12:05:50"
"1037";"1";"168";"1";NULL;"2026-03-07 12:05:50"
"1038";"1";"80";"1";NULL;"2026-03-07 12:05:50"
"1039";"1";"78";"1";NULL;"2026-03-07 12:05:50"
"1040";"1";"77";"1";NULL;"2026-03-07 12:05:50"
"1041";"1";"79";"1";NULL;"2026-03-07 12:05:50"
"1042";"1";"274";"1";NULL;"2026-03-07 12:05:50"
"1043";"1";"275";"1";NULL;"2026-03-07 12:05:50"
"1044";"1";"272";"1";NULL;"2026-03-07 12:05:50"
"1045";"1";"277";"1";NULL;"2026-03-07 12:05:50"
"1046";"1";"276";"1";NULL;"2026-03-07 12:05:50"
"1047";"1";"273";"1";NULL;"2026-03-07 12:05:50"
"1048";"1";"72";"1";NULL;"2026-03-07 12:05:50"
"1049";"1";"71";"1";NULL;"2026-03-07 12:05:50"
"1050";"1";"70";"1";NULL;"2026-03-07 12:05:50"
"1051";"1";"75";"1";NULL;"2026-03-07 12:05:50"
"1052";"1";"74";"1";NULL;"2026-03-07 12:05:50"
"1053";"1";"73";"1";NULL;"2026-03-07 12:05:50"
"1054";"1";"76";"1";NULL;"2026-03-07 12:05:50"
"1055";"1";"270";"1";NULL;"2026-03-07 12:05:50"
"1056";"1";"267";"1";NULL;"2026-03-07 12:05:50"
"1057";"1";"268";"1";NULL;"2026-03-07 12:05:50"
"1058";"1";"271";"1";NULL;"2026-03-07 12:05:50"
"1059";"1";"265";"1";NULL;"2026-03-07 12:05:50"
"1060";"1";"269";"1";NULL;"2026-03-07 12:05:50"
"1061";"1";"266";"1";NULL;"2026-03-07 12:05:50"
"1062";"1";"65";"1";NULL;"2026-03-07 12:05:50"
"1063";"1";"66";"1";NULL;"2026-03-07 12:05:50"
"1064";"1";"64";"1";NULL;"2026-03-07 12:05:50"
"1065";"1";"63";"1";NULL;"2026-03-07 12:05:50"
