-- --------------------------------------------------------
-- Host:                         127.0.0.1
-- Server version:               8.4.3 - MySQL Community Server - GPL
-- Server OS:                    Win64
-- HeidiSQL Version:             12.8.0.6908
-- --------------------------------------------------------

/*!40101 SET @OLD_CHARACTER_SET_CLIENT=@@CHARACTER_SET_CLIENT */;
/*!40101 SET NAMES utf8 */;
/*!50503 SET NAMES utf8mb4 */;
/*!40103 SET @OLD_TIME_ZONE=@@TIME_ZONE */;
/*!40103 SET TIME_ZONE='+00:00' */;
/*!40014 SET @OLD_FOREIGN_KEY_CHECKS=@@FOREIGN_KEY_CHECKS, FOREIGN_KEY_CHECKS=0 */;
/*!40101 SET @OLD_SQL_MODE=@@SQL_MODE, SQL_MODE='NO_AUTO_VALUE_ON_ZERO' */;
/*!40111 SET @OLD_SQL_NOTES=@@SQL_NOTES, SQL_NOTES=0 */;


-- Dumping database structure for optima_db
CREATE DATABASE IF NOT EXISTS `optima_db` /*!40100 DEFAULT CHARACTER SET utf8mb4 COLLATE utf8mb4_0900_ai_ci */ /*!80016 DEFAULT ENCRYPTION='N' */;
USE `optima_db`;

-- Dumping structure for table optima_db.attachment
CREATE TABLE IF NOT EXISTS `attachment` (
  `id_attachment` int NOT NULL AUTO_INCREMENT,
  `tipe` varchar(100) COLLATE utf8mb4_general_ci NOT NULL,
  `merk` varchar(100) COLLATE utf8mb4_general_ci NOT NULL,
  `model` varchar(100) COLLATE utf8mb4_general_ci NOT NULL,
  PRIMARY KEY (`id_attachment`)
) ENGINE=InnoDB AUTO_INCREMENT=11 DEFAULT CHARSET=utf8mb4 COLLATE=utf8mb4_general_ci;

-- Dumping data for table optima_db.attachment: ~10 rows (approximately)
REPLACE INTO `attachment` (`id_attachment`, `tipe`, `merk`, `model`) VALUES
	(1, 'FORK POSITIONER', 'CASCADE', '120K-FPS-CO82'),
	(2, 'FORK POSITIONER', 'CASCADE', '65K-FPS'),
	(3, 'PAPER ROLL CLAMP', 'CASCADE', '77F-RCP-01C'),
	(4, 'PAPER ROLL CLAMP', 'CASCADE', '90F-RCP'),
	(5, 'SIDE SHIFTER', 'CASCADE', '50D-BCS-64A'),
	(6, 'SIDE SHIFTER', 'CASCADE', '50D-BCS-64B'),
	(7, 'FORKLIFT SCALE', 'COMPULOAD', 'CL 2000'),
	(8, 'PAPER ROLL CLAMP', 'HELI', 'ZJ22H-B5'),
	(9, 'PAPER roll CLAMP', 'HELI', 'ZJ33H-B5'),
	(10, 'FORK', 'HELI', 'FORK');

-- Dumping structure for table optima_db.baterai
CREATE TABLE IF NOT EXISTS `baterai` (
  `id` int NOT NULL AUTO_INCREMENT,
  `merk_baterai` varchar(100) NOT NULL,
  `tipe_baterai` varchar(100) NOT NULL,
  `jenis_baterai` varchar(50) NOT NULL,
  PRIMARY KEY (`id`)
) ENGINE=InnoDB AUTO_INCREMENT=28 DEFAULT CHARSET=utf8mb4 COLLATE=utf8mb4_0900_ai_ci;

-- Dumping data for table optima_db.baterai: ~27 rows (approximately)
REPLACE INTO `baterai` (`id`, `merk_baterai`, `tipe_baterai`, `jenis_baterai`) VALUES
	(1, 'JUNGHEINRICH (JHR)', '48V / 775AH AQUAMATIC (5PZS775)', 'Lead Acid'),
	(2, 'JUNGHEINRICH (JHR)', '48V / 750AH AQUAMATIC (6PZS750)', 'Lead Acid'),
	(3, 'JUNGHEINRICH (JHR)', '48V / 620AH AQUAMATIC (4PZS620)', 'Lead Acid'),
	(4, 'JUNGHEINRICH (JHR)', '48V / 560AH (4PZS560)', 'Lead Acid'),
	(5, 'JUNGHEINRICH (JHR)', '24V / 375AH AQUAMATIC (3EPZS375)', 'Lead Acid'),
	(6, 'JUNGHEINRICH (JHR)', '24V / 205AH (2EPZS250L)', 'Lead Acid'),
	(7, 'STILL', '80V 5PZS700', 'Lead Acid'),
	(8, 'STILL', '24V 8PZS1000', 'Lead Acid'),
	(9, 'STILL', '48V 5PZS775', 'Lead Acid'),
	(10, 'STILL', '24V 6PZS690', 'Lead Acid'),
	(11, 'STILL', '24V / 375AH (3PZS345)', 'Lead Acid'),
	(12, 'STILL', '24V / 345AH (3PZS345)', 'Lead Acid'),
	(13, 'STILL', '24V / 230AH (2PZS230)', 'Lead Acid'),
	(14, 'HAWKER', '48V / 700AH', 'Lead Acid'),
	(15, 'TAB', '80V / 700AH (40EPZS700)', 'Lead Acid'),
	(16, 'TAB', '80V / 420AH (40EPZS420L)', 'Lead Acid'),
	(17, 'TAB', '48V', 'Lead Acid'),
	(18, 'REMICO', '24V / 250AH AQUAMATIC (12/2EPzS250L)', 'Lead Acid'),
	(19, 'SLBATT', 'B-LFP80-410MH', 'Lithium-ion'),
	(20, 'HELI', 'HL-C135-51.52-404', 'Lithium-ion'),
	(21, '-', '80V 6PZS840', 'Lead Acid'),
	(22, '-', '48V 5PZS886AH AQUA', 'Lead Acid'),
	(23, '-', '40/4EDZ420V & 40/EPZ450V', 'Lead Acid'),
	(24, '-', 'JL-25.6F225PS', 'Lithium-ion'),
	(25, '-', '80V / 404AH', 'Lithium-ion'),
	(26, '-', '80V / 271AH', 'Lithium-ion'),
	(27, '-', '25.6V / 150Ah', 'Lithium-ion');

-- Dumping structure for table optima_db.charger
CREATE TABLE IF NOT EXISTS `charger` (
  `id_charger` int NOT NULL AUTO_INCREMENT,
  `merk_charger` varchar(100) NOT NULL,
  `tipe_charger` varchar(100) NOT NULL,
  PRIMARY KEY (`id_charger`)
) ENGINE=InnoDB AUTO_INCREMENT=18 DEFAULT CHARSET=utf8mb4 COLLATE=utf8mb4_0900_ai_ci;

-- Dumping data for table optima_db.charger: ~17 rows (approximately)
REPLACE INTO `charger` (`id_charger`, `merk_charger`, `tipe_charger`) VALUES
	(1, 'JUNGHEINRICH', 'SLT010nDe48/80P(48V / 80A)'),
	(2, 'JUNGHEINRICH', 'SLT010nDe48/100P(48V / 100A)'),
	(3, 'JUNGHEINRICH', 'SLT010nEe24/35P(24V / 35A)'),
	(4, 'JUNGHEINRICH', '(Standar)(24V / 70A)'),
	(5, 'STILL', 'ECOTRON XM(80V / 125A)'),
	(6, 'STILL', 'ECOTRON XM(24V / 60A)'),
	(7, 'STILL', 'ECOTRON XM(48V / 126A)'),
	(8, 'STILL', 'ECOTRON XM(48V / 150A)'),
	(9, 'STILL', 'SLT010n(48V / 100A)'),
	(10, 'HAWKER', 'SDC-ECO(24V / 60A)'),
	(11, 'HAWKER', 'EX2460(24V / 60A)'),
	(12, 'HR CHARGER', 'D400G24/70B-SLT100(24V / 70A)'),
	(13, 'RIGETEK', 'RG-T(80V / 200A)'),
	(14, 'RIGETEK', 'RG-T(48V / 100A)'),
	(15, 'TITAN-POWER', 'SPC-24100(24V / 100A)'),
	(16, 'TITAN-POWER', 'SPC-48100(48V / 100A)'),
	(17, '-', 'D80V/150PXS(80V / 150A)');

-- Dumping structure for table optima_db.delivery_instructions
CREATE TABLE IF NOT EXISTS `delivery_instructions` (
  `id` int unsigned NOT NULL AUTO_INCREMENT,
  `nomor_di` varchar(100) COLLATE utf8mb4_general_ci NOT NULL,
  `spk_id` int unsigned DEFAULT NULL,
  `po_kontrak_nomor` varchar(100) COLLATE utf8mb4_general_ci DEFAULT NULL,
  `pelanggan` varchar(255) COLLATE utf8mb4_general_ci NOT NULL,
  `lokasi` varchar(255) COLLATE utf8mb4_general_ci DEFAULT NULL,
  `tanggal_kirim` date DEFAULT NULL,
  `catatan` text COLLATE utf8mb4_general_ci,
  `status` enum('DIAJUKAN','DIPROSES','DIKIRIM','SAMPAI','DIBATALKAN') CHARACTER SET utf8mb4 COLLATE utf8mb4_general_ci NOT NULL DEFAULT 'DIAJUKAN',
  `dibuat_oleh` int unsigned DEFAULT NULL,
  `dibuat_pada` datetime DEFAULT CURRENT_TIMESTAMP,
  `diperbarui_pada` datetime DEFAULT CURRENT_TIMESTAMP ON UPDATE CURRENT_TIMESTAMP,
  `perencanaan_tanggal_approve` date DEFAULT NULL COMMENT 'Tanggal approval perencanaan pengiriman',
  `estimasi_sampai` date DEFAULT NULL COMMENT 'Estimasi tanggal sampai dari perencanaan',
  `nama_supir` varchar(100) COLLATE utf8mb4_general_ci DEFAULT NULL COMMENT 'Nama supir yang bertugas',
  `no_hp_supir` varchar(20) COLLATE utf8mb4_general_ci DEFAULT NULL COMMENT 'Nomor HP supir',
  `no_sim_supir` varchar(50) COLLATE utf8mb4_general_ci DEFAULT NULL COMMENT 'Nomor SIM supir',
  `kendaraan` varchar(100) COLLATE utf8mb4_general_ci DEFAULT NULL COMMENT 'Jenis/merk kendaraan yang digunakan',
  `no_polisi_kendaraan` varchar(20) COLLATE utf8mb4_general_ci DEFAULT NULL COMMENT 'Nomor polisi kendaraan',
  `berangkat_tanggal_approve` date DEFAULT NULL COMMENT 'Tanggal approval berangkat',
  `catatan_berangkat` text COLLATE utf8mb4_general_ci COMMENT 'Catatan keberangkatan dan kondisi barang',
  `sampai_tanggal_approve` date DEFAULT NULL COMMENT 'Tanggal approval sampai',
  `catatan_sampai` text COLLATE utf8mb4_general_ci COMMENT 'Catatan kedatangan dan konfirmasi penerima',
  PRIMARY KEY (`id`),
  UNIQUE KEY `uk_nomor_di` (`nomor_di`),
  KEY `idx_di_status` (`status`),
  KEY `idx_di_tanggal_kirim` (`tanggal_kirim`),
  KEY `idx_di_po_kontrak_nomor` (`po_kontrak_nomor`),
  KEY `idx_di_spk_id` (`spk_id`),
  KEY `idx_di_perencanaan_approve` (`perencanaan_tanggal_approve`),
  KEY `idx_di_berangkat_approve` (`berangkat_tanggal_approve`),
  KEY `idx_di_sampai_approve` (`sampai_tanggal_approve`),
  CONSTRAINT `fk_di_spk` FOREIGN KEY (`spk_id`) REFERENCES `spk` (`id`) ON DELETE SET NULL
) ENGINE=InnoDB AUTO_INCREMENT=12 DEFAULT CHARSET=utf8mb4 COLLATE=utf8mb4_general_ci;

-- Dumping data for table optima_db.delivery_instructions: ~4 rows (approximately)
REPLACE INTO `delivery_instructions` (`id`, `nomor_di`, `spk_id`, `po_kontrak_nomor`, `pelanggan`, `lokasi`, `tanggal_kirim`, `catatan`, `status`, `dibuat_oleh`, `dibuat_pada`, `diperbarui_pada`, `perencanaan_tanggal_approve`, `estimasi_sampai`, `nama_supir`, `no_hp_supir`, `no_sim_supir`, `kendaraan`, `no_polisi_kendaraan`, `berangkat_tanggal_approve`, `catatan_berangkat`, `sampai_tanggal_approve`, `catatan_sampai`) VALUES
	(8, 'DI/202508/001', 9, NULL, '', NULL, '2025-08-19', NULL, 'SAMPAI', 1, '2025-08-18 04:13:18', '2025-08-18 08:20:58', '2025-08-18', '2025-08-21', 'JOKO', '082138848123', '1231012', 'colt diesel', '123', '2025-08-18', NULL, '2025-08-18', 'asd'),
	(9, 'DI/202508/002', 7, 'test/1/1/2', 'ADIT', '123', '2025-08-20', NULL, 'DIPROSES', 1, '2025-08-18 06:44:27', '2025-08-18 07:41:25', '2025-08-18', NULL, NULL, NULL, NULL, NULL, NULL, NULL, NULL, NULL, NULL),
	(10, 'DI/202508/003', 4, 'test/1/1/2', 'ADIT', '123', '2025-08-20', 'a', 'SAMPAI', 1, '2025-08-18 07:42:28', '2025-08-19 02:45:41', '2025-08-19', '2025-08-23', 'JOKO', '082138848123', '1231012', 'colt diesel', '123', '2025-08-19', 'a', '2025-08-19', 'asd'),
	(11, 'DI/202508/004', 14, '1233', 'kaleng', 'kaaleng', '2025-08-20', NULL, 'SAMPAI', 1, '2025-08-19 02:54:26', '2025-08-19 02:55:17', '2025-08-19', '2025-08-20', 'JOKO', '082138848123', '1231012', 'colt diesel', '123', '2025-08-19', NULL, '2025-08-19', 'as');

-- Dumping structure for table optima_db.delivery_items
CREATE TABLE IF NOT EXISTS `delivery_items` (
  `id` int unsigned NOT NULL AUTO_INCREMENT,
  `di_id` int unsigned NOT NULL,
  `item_type` enum('UNIT','ATTACHMENT') COLLATE utf8mb4_general_ci NOT NULL DEFAULT 'UNIT',
  `unit_id` int unsigned DEFAULT NULL,
  `attachment_id` int unsigned DEFAULT NULL,
  `keterangan` varchar(255) COLLATE utf8mb4_general_ci DEFAULT NULL,
  PRIMARY KEY (`id`),
  KEY `idx_di_items_di` (`di_id`),
  KEY `idx_di_items_type` (`item_type`),
  CONSTRAINT `fk_di_items_di` FOREIGN KEY (`di_id`) REFERENCES `delivery_instructions` (`id`) ON DELETE CASCADE
) ENGINE=InnoDB AUTO_INCREMENT=14 DEFAULT CHARSET=utf8mb4 COLLATE=utf8mb4_general_ci;

-- Dumping data for table optima_db.delivery_items: ~2 rows (approximately)
REPLACE INTO `delivery_items` (`id`, `di_id`, `item_type`, `unit_id`, `attachment_id`, `keterangan`) VALUES
	(12, 10, 'UNIT', 7, NULL, NULL),
	(13, 10, 'ATTACHMENT', NULL, 3, NULL);

-- Dumping structure for table optima_db.departemen
CREATE TABLE IF NOT EXISTS `departemen` (
  `id_departemen` int NOT NULL AUTO_INCREMENT,
  `nama_departemen` varchar(100) NOT NULL,
  PRIMARY KEY (`id_departemen`)
) ENGINE=InnoDB AUTO_INCREMENT=11 DEFAULT CHARSET=utf8mb4 COLLATE=utf8mb4_0900_ai_ci;

-- Dumping data for table optima_db.departemen: ~4 rows (approximately)
REPLACE INTO `departemen` (`id_departemen`, `nama_departemen`) VALUES
	(1, 'DIESEL'),
	(2, 'ELECTRIC'),
	(3, 'GASOLINE');

-- Dumping structure for table optima_db.divisions
CREATE TABLE IF NOT EXISTS `divisions` (
  `id` int NOT NULL AUTO_INCREMENT,
  `name` varchar(100) COLLATE utf8mb4_unicode_ci NOT NULL,
  `code` varchar(20) COLLATE utf8mb4_unicode_ci NOT NULL,
  `description` text COLLATE utf8mb4_unicode_ci,
  `is_active` tinyint(1) DEFAULT '1',
  `created_at` timestamp NULL DEFAULT CURRENT_TIMESTAMP,
  `updated_at` timestamp NULL DEFAULT CURRENT_TIMESTAMP ON UPDATE CURRENT_TIMESTAMP,
  PRIMARY KEY (`id`),
  UNIQUE KEY `code` (`code`),
  KEY `idx_divisions_code` (`code`),
  KEY `idx_divisions_active` (`is_active`)
) ENGINE=InnoDB AUTO_INCREMENT=9 DEFAULT CHARSET=utf8mb4 COLLATE=utf8mb4_unicode_ci;

-- Dumping data for table optima_db.divisions: ~8 rows (approximately)
REPLACE INTO `divisions` (`id`, `name`, `code`, `description`, `is_active`, `created_at`, `updated_at`) VALUES
	(1, 'Administration', 'ADMIN', 'System Administration Division', 1, '2025-08-05 07:01:57', '2025-08-05 07:01:57'),
	(2, 'Service', 'SERVICE', 'Service Division - Unit Maintenance & Repair', 1, '2025-08-05 07:01:57', '2025-08-05 07:01:57'),
	(3, 'Unit Operational', 'UNIT_OPS', 'Unit Operational Division - Delivery & Rolling', 1, '2025-08-05 07:01:57', '2025-08-05 07:01:57'),
	(4, 'Marketing', 'MARKETING', 'Marketing Division - Sales & Customer Relations', 1, '2025-08-05 07:01:57', '2025-08-05 07:01:57'),
	(5, 'Warehouse & Assets', 'WAREHOUSE', 'Warehouse & Assets Management Division', 1, '2025-08-05 07:01:57', '2025-08-05 07:01:57'),
	(6, 'Purchasing', 'PURCHASING', 'Purchasing Division - Procurement & Vendor Management', 1, '2025-08-05 07:01:57', '2025-08-05 07:01:57'),
	(7, 'Perizinan', 'PERIZINAN', 'Licensing Division - Permits & Documentation', 1, '2025-08-05 07:01:57', '2025-08-05 07:01:57'),
	(8, 'Accounting', 'ACCOUNTING', 'Accounting Division - Finance & Bookkeeping', 1, '2025-08-05 07:01:57', '2025-08-05 07:01:57');

-- Dumping structure for table optima_db.forklifts
CREATE TABLE IF NOT EXISTS `forklifts` (
  `forklift_id` int unsigned NOT NULL AUTO_INCREMENT,
  `unit_code` varchar(20) CHARACTER SET utf8mb4 COLLATE utf8mb4_general_ci NOT NULL,
  `unit_name` varchar(255) CHARACTER SET utf8mb4 COLLATE utf8mb4_general_ci NOT NULL,
  `brand` varchar(100) CHARACTER SET utf8mb4 COLLATE utf8mb4_general_ci NOT NULL,
  `model` varchar(100) CHARACTER SET utf8mb4 COLLATE utf8mb4_general_ci NOT NULL,
  `type` enum('electric','diesel','gas','hybrid') CHARACTER SET utf8mb4 COLLATE utf8mb4_general_ci NOT NULL DEFAULT 'electric',
  `capacity` decimal(5,2) NOT NULL COMMENT 'Capacity in tons',
  `fuel_type` enum('electric','diesel','petrol','gas','hybrid') CHARACTER SET utf8mb4 COLLATE utf8mb4_general_ci NOT NULL DEFAULT 'electric',
  `engine_power` decimal(8,2) DEFAULT NULL COMMENT 'Engine power in HP or kW',
  `lift_height` decimal(6,2) DEFAULT NULL COMMENT 'Maximum lift height in meters',
  `year_manufactured` year DEFAULT NULL,
  `serial_number` varchar(100) CHARACTER SET utf8mb4 COLLATE utf8mb4_general_ci DEFAULT NULL,
  `purchase_date` date DEFAULT NULL,
  `purchase_price` decimal(15,2) DEFAULT NULL,
  `current_value` decimal(15,2) DEFAULT NULL,
  `supplier` varchar(255) CHARACTER SET utf8mb4 COLLATE utf8mb4_general_ci DEFAULT NULL,
  `warranty_expiry` date DEFAULT NULL,
  `insurance_expiry` date DEFAULT NULL,
  `last_service_date` date DEFAULT NULL,
  `next_service_date` date DEFAULT NULL,
  `service_interval_hours` int NOT NULL DEFAULT '250' COMMENT 'Service interval in operating hours',
  `total_operating_hours` int NOT NULL DEFAULT '0' COMMENT 'Total operating hours',
  `status` enum('available','rented','maintenance','retired','reserved') CHARACTER SET utf8mb4 COLLATE utf8mb4_general_ci NOT NULL DEFAULT 'available',
  `condition` enum('excellent','good','fair','poor','damaged') CHARACTER SET utf8mb4 COLLATE utf8mb4_general_ci NOT NULL DEFAULT 'excellent',
  `location` varchar(255) CHARACTER SET utf8mb4 COLLATE utf8mb4_general_ci DEFAULT NULL COMMENT 'Current location/warehouse',
  `assigned_to` int unsigned DEFAULT NULL COMMENT 'Assigned to user ID',
  `rental_rate_daily` decimal(10,2) DEFAULT NULL COMMENT 'Daily rental rate',
  `rental_rate_weekly` decimal(10,2) DEFAULT NULL COMMENT 'Weekly rental rate',
  `rental_rate_monthly` decimal(10,2) DEFAULT NULL COMMENT 'Monthly rental rate',
  `availability` enum('available','unavailable','reserved') CHARACTER SET utf8mb4 COLLATE utf8mb4_general_ci NOT NULL DEFAULT 'available',
  `notes` text CHARACTER SET utf8mb4 COLLATE utf8mb4_general_ci,
  `specifications` json DEFAULT NULL COMMENT 'Additional specifications in JSON format',
  `attachments` json DEFAULT NULL COMMENT 'File attachments in JSON format',
  `created_by` int unsigned DEFAULT NULL,
  `updated_by` int unsigned DEFAULT NULL,
  `deleted_by` int unsigned DEFAULT NULL,
  `created_at` datetime DEFAULT NULL,
  `updated_at` datetime DEFAULT NULL,
  `deleted_at` datetime DEFAULT NULL,
  PRIMARY KEY (`forklift_id`),
  KEY `unit_code` (`unit_code`),
  KEY `status` (`status`),
  KEY `condition` (`condition`),
  KEY `type` (`type`),
  KEY `availability` (`availability`),
  KEY `created_at` (`created_at`),
  KEY `deleted_at` (`deleted_at`)
) ENGINE=InnoDB AUTO_INCREMENT=6 DEFAULT CHARSET=utf8mb4 COLLATE=utf8mb4_general_ci;

-- Dumping data for table optima_db.forklifts: ~5 rows (approximately)
REPLACE INTO `forklifts` (`forklift_id`, `unit_code`, `unit_name`, `brand`, `model`, `type`, `capacity`, `fuel_type`, `engine_power`, `lift_height`, `year_manufactured`, `serial_number`, `purchase_date`, `purchase_price`, `current_value`, `supplier`, `warranty_expiry`, `insurance_expiry`, `last_service_date`, `next_service_date`, `service_interval_hours`, `total_operating_hours`, `status`, `condition`, `location`, `assigned_to`, `rental_rate_daily`, `rental_rate_weekly`, `rental_rate_monthly`, `availability`, `notes`, `specifications`, `attachments`, `created_by`, `updated_by`, `deleted_by`, `created_at`, `updated_at`, `deleted_at`) VALUES
	(1, 'FL001', 'Toyota 8FG25 Forklift', 'Toyota', '8FG25', 'gas', 2.50, 'gas', 68.00, 4.70, '2022', 'TYT8FG25001', '2022-01-15', 450000000.00, 380000000.00, 'Toyota Material Handling', '2025-01-15', '2024-12-31', NULL, NULL, 250, 1250, 'available', 'excellent', 'Warehouse A', NULL, 850000.00, 5500000.00, 20000000.00, 'available', 'Unit kondisi prima, rutin maintenance', NULL, NULL, 1, NULL, NULL, '2025-07-08 06:35:48', NULL, NULL),
	(2, 'FL002', 'Komatsu FB20-12 Electric Forklift', 'Komatsu', 'FB20-12', 'electric', 2.00, 'electric', 24.00, 3.00, '2023', 'KMT FB20001', '2023-03-10', 380000000.00, 340000000.00, 'Komatsu Forklift Indonesia', '2026-03-10', '2024-12-31', NULL, NULL, 300, 890, 'rented', 'excellent', 'Customer Site - PT ABC', NULL, 750000.00, 4800000.00, 18000000.00, 'unavailable', 'Sedang disewa PT ABC Industries', NULL, NULL, 1, NULL, NULL, '2025-07-08 06:35:48', NULL, NULL),
	(3, 'FL003', 'Hyster H3.5FT Diesel Forklift', 'Hyster', 'H3.5FT', 'diesel', 3.50, 'diesel', 74.00, 4.50, '2021', 'HYS H35001', '2021-08-20', 520000000.00, 420000000.00, 'Hyster Indonesia', '2024-08-20', '2024-12-31', NULL, NULL, 250, 2150, 'maintenance', 'good', 'Service Center', NULL, 950000.00, 6200000.00, 23000000.00, 'unavailable', 'Maintenance rutin 2000 jam operasi', NULL, NULL, 1, NULL, NULL, '2025-07-08 06:35:48', NULL, NULL),
	(4, 'FL004', 'Mitsubishi FG15N Gas Forklift', 'Mitsubishi', 'FG15N', 'gas', 1.50, 'gas', 42.00, 3.00, '2023', 'MIT FG15001', '2023-06-15', 320000000.00, 300000000.00, 'Mitsubishi Forklift', '2026-06-15', '2024-12-31', NULL, NULL, 250, 456, 'available', 'excellent', 'Warehouse B', NULL, 650000.00, 4200000.00, 15000000.00, 'available', 'Unit baru, kondisi prima', NULL, NULL, 1, NULL, NULL, '2025-07-08 06:35:48', NULL, NULL),
	(5, 'FL005', 'Crown FC 5200 Electric Forklift', 'Crown', 'FC 5200', 'electric', 2.00, 'electric', 36.00, 4.00, '2022', 'CRW FC5200001', '2022-09-10', 420000000.00, 360000000.00, 'Crown Equipment Indonesia', '2025-09-10', '2024-12-31', NULL, NULL, 300, 1680, 'reserved', 'good', 'Warehouse A', NULL, 780000.00, 5000000.00, 18500000.00, 'reserved', 'Reserved untuk kontrak PT XYZ minggu depan', NULL, NULL, 1, NULL, NULL, '2025-07-08 06:35:48', NULL, NULL);

-- Dumping structure for table optima_db.inventory_attachment
CREATE TABLE IF NOT EXISTS `inventory_attachment` (
  `id_inventory_attachment` int NOT NULL AUTO_INCREMENT,
  `po_id` int NOT NULL COMMENT 'Foreign key ke purchase_orders.id_po',
  `attachment_id` int NOT NULL COMMENT 'Foreign key ke attachment table',
  `sn_attachment` varchar(255) COLLATE utf8mb4_unicode_ci DEFAULT NULL COMMENT 'Serial number attachment yang sudah diverifikasi',
  `charger_id` int DEFAULT NULL COMMENT 'Foreign key ke charger table',
  `sn_charger` varchar(255) COLLATE utf8mb4_unicode_ci DEFAULT NULL COMMENT 'Serial number charger yang sudah diverifikasi',
  `kondisi_fisik` enum('Baik','Rusak Ringan','Rusak Berat') COLLATE utf8mb4_unicode_ci DEFAULT 'Baik' COMMENT 'Kondisi fisik attachment',
  `kelengkapan` enum('Lengkap','Tidak Lengkap') COLLATE utf8mb4_unicode_ci DEFAULT 'Lengkap' COMMENT 'Kelengkapan attachment',
  `catatan_fisik` text COLLATE utf8mb4_unicode_ci COMMENT 'Catatan kondisi fisik',
  `lokasi_penyimpanan` varchar(255) COLLATE utf8mb4_unicode_ci DEFAULT NULL COMMENT 'Lokasi penyimpanan di warehouse',
  `status_unit` int DEFAULT '7' COMMENT 'Status unit (7=Tersedia, 8=Tidak Tersedia, dll)',
  `tanggal_masuk` datetime DEFAULT CURRENT_TIMESTAMP COMMENT 'Tanggal masuk ke inventory',
  `catatan_inventory` text COLLATE utf8mb4_unicode_ci COMMENT 'Catatan tambahan untuk inventory',
  `created_at` datetime DEFAULT CURRENT_TIMESTAMP,
  `updated_at` datetime DEFAULT CURRENT_TIMESTAMP ON UPDATE CURRENT_TIMESTAMP,
  PRIMARY KEY (`id_inventory_attachment`),
  KEY `idx_po_id` (`po_id`),
  KEY `idx_attachment_id` (`attachment_id`),
  KEY `idx_charger_id` (`charger_id`),
  KEY `idx_status_unit` (`status_unit`),
  KEY `idx_tanggal_masuk` (`tanggal_masuk`),
  KEY `idx_sn_attachment` (`sn_attachment`),
  KEY `idx_sn_charger` (`sn_charger`),
  KEY `idx_kondisi_fisik` (`kondisi_fisik`),
  KEY `idx_kelengkapan` (`kelengkapan`),
  KEY `idx_lokasi_penyimpanan` (`lokasi_penyimpanan`),
  CONSTRAINT `fk_inv_attachment_attachment` FOREIGN KEY (`attachment_id`) REFERENCES `attachment` (`id_attachment`),
  CONSTRAINT `fk_inv_attachment_charger` FOREIGN KEY (`charger_id`) REFERENCES `charger` (`id_charger`),
  CONSTRAINT `fk_inv_attachment_po` FOREIGN KEY (`po_id`) REFERENCES `purchase_orders` (`id_po`) ON DELETE CASCADE ON UPDATE CASCADE,
  CONSTRAINT `fk_inv_attachment_status` FOREIGN KEY (`status_unit`) REFERENCES `status_unit` (`id_status`) ON DELETE SET NULL ON UPDATE CASCADE
) ENGINE=InnoDB AUTO_INCREMENT=7 DEFAULT CHARSET=utf8mb4 COLLATE=utf8mb4_unicode_ci COMMENT='Tabel inventory attachment yang sudah diverifikasi dari PO';

-- Dumping data for table optima_db.inventory_attachment: ~6 rows (approximately)
REPLACE INTO `inventory_attachment` (`id_inventory_attachment`, `po_id`, `attachment_id`, `sn_attachment`, `charger_id`, `sn_charger`, `kondisi_fisik`, `kelengkapan`, `catatan_fisik`, `lokasi_penyimpanan`, `status_unit`, `tanggal_masuk`, `catatan_inventory`, `created_at`, `updated_at`) VALUES
	(1, 37, 5, 'ok', NULL, NULL, 'Baik', 'Lengkap', NULL, 'POS 1', 7, '2025-07-26 08:37:44', 'Dari verifikasi PO: Attachment sesuai dan siap digunakan', '2025-07-26 08:37:44', '2025-07-26 08:37:44'),
	(2, 124, 4, '', NULL, '', 'Baik', 'Lengkap', '', 'Warehouse', 7, '2025-08-12 00:00:00', '', '2025-08-12 03:15:49', '2025-08-12 03:15:49'),
	(3, 130, 3, '', NULL, '', 'Baik', 'Lengkap', '', 'Warehouse', 7, '2025-08-12 00:00:00', '', '2025-08-12 03:27:06', '2025-08-12 03:27:06'),
	(4, 131, 3, '', NULL, '', 'Baik', 'Lengkap', '', 'Digunakan pada unit 3', 3, '2025-08-12 00:00:00', '', '2025-08-12 03:27:13', '2025-08-16 01:23:28'),
	(5, 37, 5, 'test4', NULL, NULL, 'Baik', 'Lengkap', NULL, 'Digunakan pada unit 3', 3, '2025-08-12 04:54:35', 'Dari verifikasi PO: Attachment sesuai dan siap digunakan', '2025-08-12 04:54:35', '2025-08-14 10:03:32'),
	(6, 37, 5, 'wae', NULL, NULL, 'Baik', 'Lengkap', NULL, 'Digunakan pada unit #9', 3, '2025-08-12 06:44:51', 'Dari verifikasi PO: Attachment sesuai dan siap digunakan', '2025-08-12 06:44:51', '2025-08-16 02:53:15');

-- Dumping structure for table optima_db.inventory_spareparts
CREATE TABLE IF NOT EXISTS `inventory_spareparts` (
  `id` int NOT NULL AUTO_INCREMENT,
  `sparepart_id` int NOT NULL,
  `stok` int NOT NULL DEFAULT '0',
  `lokasi_rak` varchar(100) DEFAULT NULL,
  `updated_at` timestamp NOT NULL DEFAULT CURRENT_TIMESTAMP ON UPDATE CURRENT_TIMESTAMP,
  PRIMARY KEY (`id`),
  UNIQUE KEY `unique_sparepart` (`sparepart_id`),
  CONSTRAINT `fk_inv_sparepart` FOREIGN KEY (`sparepart_id`) REFERENCES `sparepart` (`id_sparepart`) ON DELETE CASCADE ON UPDATE CASCADE
) ENGINE=InnoDB AUTO_INCREMENT=3 DEFAULT CHARSET=utf8mb4 COLLATE=utf8mb4_0900_ai_ci;

-- Dumping data for table optima_db.inventory_spareparts: ~1 rows (approximately)
REPLACE INTO `inventory_spareparts` (`id`, `sparepart_id`, `stok`, `lokasi_rak`, `updated_at`) VALUES
	(1, 17, 1, 'POS 1', '2025-07-25 09:01:22'),
	(2, 1, 1, 'POS 1', '2025-08-12 03:36:22');

-- Dumping structure for table optima_db.inventory_unit
CREATE TABLE IF NOT EXISTS `inventory_unit` (
  `id_inventory_unit` int unsigned NOT NULL AUTO_INCREMENT,
  `no_unit` int unsigned DEFAULT NULL,
  `serial_number` varchar(255) COLLATE utf8mb4_general_ci DEFAULT NULL COMMENT 'Serial Number utama dari pabrikan',
  `id_po` int DEFAULT NULL COMMENT 'Foreign Key ke tabel purchase_orders',
  `tahun_unit` year DEFAULT NULL,
  `status_unit_id` int DEFAULT NULL COMMENT 'FK ke tabel status_unit (misal: STOK, RENTAL, JUAL)',
  `status_aset` tinyint(1) DEFAULT NULL COMMENT 'Flag status aset (misal: 1=Aktif, 0=Non-Aktif)',
  `lokasi_unit` varchar(255) COLLATE utf8mb4_general_ci DEFAULT NULL,
  `departemen_id` int DEFAULT NULL COMMENT 'FK ke tabel departemen',
  `tanggal_kirim` datetime DEFAULT NULL,
  `keterangan` text COLLATE utf8mb4_general_ci,
  `kontrak_id` int unsigned DEFAULT NULL COMMENT 'Foreign key ke tabel kontrak',
  `tipe_unit_id` int DEFAULT NULL COMMENT 'FK ke tabel tipe_unit',
  `model_unit_id` int DEFAULT NULL COMMENT 'FK ke tabel model_unit (sudah termasuk merk)',
  `kapasitas_unit_id` int DEFAULT NULL COMMENT 'FK ke tabel kapasitas',
  `model_mast_id` int DEFAULT NULL COMMENT 'FK ke tabel tipe_mast',
  `tinggi_mast` varchar(50) COLLATE utf8mb4_general_ci DEFAULT NULL COMMENT 'Contoh: 4500mm atau 4.5m',
  `sn_mast` varchar(255) COLLATE utf8mb4_general_ci DEFAULT NULL,
  `model_mesin_id` int DEFAULT NULL COMMENT 'FK ke tabel mesin (sudah termasuk merk)',
  `sn_mesin` varchar(255) COLLATE utf8mb4_general_ci DEFAULT NULL,
  `model_attachment_id` int DEFAULT NULL COMMENT 'FK ke tabel attachment (sudah termasuk tipe, merk, model)',
  `sn_attachment` varchar(255) COLLATE utf8mb4_general_ci DEFAULT NULL,
  `model_baterai_id` int DEFAULT NULL COMMENT 'FK ke tabel baterai (sudah termasuk jenis, merk)',
  `sn_baterai` varchar(255) COLLATE utf8mb4_general_ci DEFAULT NULL,
  `model_charger_id` int DEFAULT NULL COMMENT 'FK ke tabel charger (sudah termasuk merk)',
  `sn_charger` varchar(255) COLLATE utf8mb4_general_ci DEFAULT NULL,
  `roda_id` int DEFAULT NULL COMMENT 'FK ke tabel jenis_roda',
  `ban_id` int DEFAULT NULL COMMENT 'FK ke tabel tipe_ban',
  `valve_id` int DEFAULT NULL COMMENT 'FK ke tabel valve',
  `created_at` datetime DEFAULT (now()),
  `updated_at` datetime DEFAULT NULL ON UPDATE CURRENT_TIMESTAMP,
  PRIMARY KEY (`id_inventory_unit`),
  UNIQUE KEY `no_unit` (`no_unit`),
  KEY `id_po` (`id_po`),
  KEY `status_unit_id` (`status_unit_id`),
  KEY `departemen_id` (`departemen_id`),
  KEY `tipe_unit_id` (`tipe_unit_id`),
  KEY `model_unit_id` (`model_unit_id`),
  KEY `kapasitas_unit_id` (`kapasitas_unit_id`),
  KEY `model_mast_id` (`model_mast_id`),
  KEY `model_mesin_id` (`model_mesin_id`),
  KEY `model_attachment_id` (`model_attachment_id`),
  KEY `model_baterai_id` (`model_baterai_id`),
  KEY `model_charger_id` (`model_charger_id`),
  KEY `roda_id` (`roda_id`),
  KEY `ban_id` (`ban_id`),
  KEY `valve_id` (`valve_id`),
  KEY `idx_kontrak_id` (`kontrak_id`),
  CONSTRAINT `fk_inventory_unit_kontrak` FOREIGN KEY (`kontrak_id`) REFERENCES `kontrak` (`id`) ON DELETE SET NULL ON UPDATE CASCADE,
  CONSTRAINT `inventory_unit_ibfk_1` FOREIGN KEY (`id_po`) REFERENCES `purchase_orders` (`id_po`),
  CONSTRAINT `inventory_unit_ibfk_10` FOREIGN KEY (`model_baterai_id`) REFERENCES `baterai` (`id`),
  CONSTRAINT `inventory_unit_ibfk_11` FOREIGN KEY (`model_charger_id`) REFERENCES `charger` (`id_charger`),
  CONSTRAINT `inventory_unit_ibfk_12` FOREIGN KEY (`roda_id`) REFERENCES `jenis_roda` (`id_roda`),
  CONSTRAINT `inventory_unit_ibfk_13` FOREIGN KEY (`ban_id`) REFERENCES `tipe_ban` (`id_ban`),
  CONSTRAINT `inventory_unit_ibfk_14` FOREIGN KEY (`valve_id`) REFERENCES `valve` (`id_valve`),
  CONSTRAINT `inventory_unit_ibfk_2` FOREIGN KEY (`status_unit_id`) REFERENCES `status_unit` (`id_status`),
  CONSTRAINT `inventory_unit_ibfk_3` FOREIGN KEY (`departemen_id`) REFERENCES `departemen` (`id_departemen`),
  CONSTRAINT `inventory_unit_ibfk_4` FOREIGN KEY (`tipe_unit_id`) REFERENCES `tipe_unit` (`id_tipe_unit`),
  CONSTRAINT `inventory_unit_ibfk_5` FOREIGN KEY (`model_unit_id`) REFERENCES `model_unit` (`id_model_unit`),
  CONSTRAINT `inventory_unit_ibfk_6` FOREIGN KEY (`kapasitas_unit_id`) REFERENCES `kapasitas` (`id_kapasitas`),
  CONSTRAINT `inventory_unit_ibfk_7` FOREIGN KEY (`model_mast_id`) REFERENCES `tipe_mast` (`id_mast`),
  CONSTRAINT `inventory_unit_ibfk_8` FOREIGN KEY (`model_mesin_id`) REFERENCES `mesin` (`id`),
  CONSTRAINT `inventory_unit_ibfk_9` FOREIGN KEY (`model_attachment_id`) REFERENCES `attachment` (`id_attachment`)
) ENGINE=InnoDB AUTO_INCREMENT=14 DEFAULT CHARSET=utf8mb4 COLLATE=utf8mb4_general_ci;

-- Dumping data for table optima_db.inventory_unit: ~12 rows (approximately)
REPLACE INTO `inventory_unit` (`id_inventory_unit`, `no_unit`, `serial_number`, `id_po`, `tahun_unit`, `status_unit_id`, `status_aset`, `lokasi_unit`, `departemen_id`, `tanggal_kirim`, `keterangan`, `kontrak_id`, `tipe_unit_id`, `model_unit_id`, `kapasitas_unit_id`, `model_mast_id`, `tinggi_mast`, `sn_mast`, `model_mesin_id`, `sn_mesin`, `model_attachment_id`, `sn_attachment`, `model_baterai_id`, `sn_baterai`, `model_charger_id`, `sn_charger`, `roda_id`, `ban_id`, `valve_id`, `created_at`, `updated_at`) VALUES
	(1, 1, NULL, 122, '2025', 3, 0, 'Warehouse', 2, NULL, '', 1, 9, 6, 2, 5, NULL, '', 4, '', NULL, '', NULL, '', NULL, '', 4, 3, 4, '2025-08-12 02:22:14', '2025-08-19 11:38:34'),
	(2, 2, NULL, 123, '2025', 3, 0, 'Warehouse', 2, NULL, '', NULL, 10, 3, 10, 2, NULL, '', 2, '', NULL, '', NULL, '', NULL, '', 2, 2, 3, '2025-08-12 03:15:49', '2025-08-19 11:15:22'),
	(4, 4, 'test', 38, '2025', 3, NULL, 'POS 1', 3, NULL, NULL, 8, 12, 6, 6, 2, NULL, 'test', 2, 'test', 2, NULL, 2, 'test', 6, NULL, 2, 1, 3, '2025-08-12 04:47:28', '2025-08-19 11:38:34'),
	(5, 7, 'test2', 38, '2025', 3, NULL, 'POS 1', 3, NULL, NULL, 8, 12, 6, 6, 2, NULL, 'test2', 2, 'test2', 2, NULL, 2, 'test2', 6, NULL, 2, 1, 3, '2025-08-12 04:49:52', '2025-08-19 11:38:34'),
	(6, NULL, 'test3', 38, '2025', 8, NULL, 'POS 1', 3, NULL, NULL, NULL, 12, 6, 6, 2, NULL, 'test3', 2, 'test3', 2, NULL, 2, 'test3', 6, NULL, 2, 1, 3, '2025-08-12 04:50:15', '2025-08-16 21:00:03'),
	(7, 3, 'test4', 38, '2025', 7, NULL, 'POS 1', 3, NULL, NULL, NULL, 12, 6, 6, 2, NULL, 'test4', 2, 'test4', 3, '', 2, 'test4', 6, NULL, 2, 1, 3, '2025-08-12 04:54:09', '2025-08-16 01:23:28'),
	(8, NULL, 'andara', 39, '2025', 8, NULL, 'POS 1', 2, NULL, NULL, NULL, 2, 1, 3, 1, NULL, 'andara', 3, 'andara', NULL, NULL, 6, 'andara', NULL, NULL, 1, 3, 1, '2025-08-12 08:15:40', '2025-08-16 21:00:03'),
	(9, NULL, 'adaaaaa', 38, '2025', 8, NULL, 'POS 1', 3, NULL, NULL, NULL, 12, 6, 6, 2, NULL, 'adaaaaa', 2, 'adaaaaa', 5, 'wae', 2, 'adaaaaa', 6, NULL, 2, 1, 3, '2025-08-12 08:21:22', '2025-08-16 21:00:03'),
	(10, 6, 'adit', 38, '2025', 3, NULL, 'POS 1', 3, NULL, NULL, NULL, 12, 6, 6, 2, NULL, 'adit', 2, 'adit', 2, NULL, 2, 'adit', 6, NULL, 2, 1, 3, '2025-08-16 04:20:16', '2025-08-18 09:33:12'),
	(11, NULL, 'adit', 47, '2025', 8, NULL, 'POS 1', 3, NULL, NULL, NULL, 3, 6, 4, 5, NULL, 'adit', 3, 'adit', NULL, NULL, 3, 'adit', NULL, NULL, 2, 3, 2, '2025-08-16 04:20:38', '2025-08-16 21:00:03'),
	(12, 5, 'adit', 39, '2025', 3, NULL, 'POS 1', 2, NULL, NULL, NULL, 2, 1, 3, 1, NULL, 'adit', 3, 'adit', NULL, NULL, 6, 'adit', NULL, NULL, 1, 3, 1, '2025-08-16 04:24:32', '2025-08-16 21:59:26'),
	(13, NULL, 'adit', 38, '2025', 8, NULL, 'POS 1', 3, NULL, NULL, NULL, 12, 6, 6, 2, NULL, 'adit', 2, 'adit', 2, NULL, 2, 'adit', 6, NULL, 2, 1, 3, '2025-08-16 04:26:43', '2025-08-16 21:00:03');

-- Dumping structure for table optima_db.jenis_roda
CREATE TABLE IF NOT EXISTS `jenis_roda` (
  `id_roda` int NOT NULL AUTO_INCREMENT,
  `tipe_roda` varchar(100) CHARACTER SET utf8mb4 COLLATE utf8mb4_0900_ai_ci NOT NULL,
  PRIMARY KEY (`id_roda`) USING BTREE
) ENGINE=InnoDB AUTO_INCREMENT=5 DEFAULT CHARSET=utf8mb4 COLLATE=utf8mb4_0900_ai_ci;

-- Dumping data for table optima_db.jenis_roda: ~4 rows (approximately)
REPLACE INTO `jenis_roda` (`id_roda`, `tipe_roda`) VALUES
	(1, '3-Wheel'),
	(2, '4-Wheel'),
	(3, '3-Way '),
	(4, '4-Way Multi-Directional (FFL)');

-- Dumping structure for table optima_db.kapasitas
CREATE TABLE IF NOT EXISTS `kapasitas` (
  `id_kapasitas` int NOT NULL AUTO_INCREMENT,
  `kapasitas_unit` varchar(50) CHARACTER SET utf8mb4 COLLATE utf8mb4_0900_ai_ci NOT NULL,
  PRIMARY KEY (`id_kapasitas`)
) ENGINE=InnoDB AUTO_INCREMENT=59 DEFAULT CHARSET=utf8mb4 COLLATE=utf8mb4_0900_ai_ci;

-- Dumping data for table optima_db.kapasitas: ~58 rows (approximately)
REPLACE INTO `kapasitas` (`id_kapasitas`, `kapasitas_unit`) VALUES
	(1, '200 kg'),
	(2, '300 kg'),
	(3, '390 kg'),
	(4, '430 kg'),
	(5, '500 kg'),
	(6, '600 kg'),
	(7, '800 kg'),
	(8, '1 Ton'),
	(9, '1,2 Ton'),
	(10, '1,25 Ton'),
	(11, '1,3 Ton'),
	(12, '1,35 Ton'),
	(13, '1,4 Ton'),
	(14, '1,5 Ton'),
	(15, '1,6 Ton'),
	(16, '1,7 Ton'),
	(17, '1,75 Ton'),
	(18, '1,8 Ton'),
	(19, '2 Ton'),
	(20, '2,1 Ton'),
	(21, '2,2 Ton'),
	(22, '2,4 Ton'),
	(23, '2,5 Ton'),
	(24, '2,7 Ton'),
	(25, '3 Ton'),
	(26, '3,3 Ton'),
	(27, '3,5 Ton'),
	(28, '3,8 Ton'),
	(29, '4 Ton'),
	(30, '4,5 Ton'),
	(31, '5 Ton'),
	(32, '5,5 Ton'),
	(33, '6 Ton'),
	(34, '7 Ton'),
	(35, '8 Ton'),
	(36, '9 Ton'),
	(37, '10 Ton'),
	(38, '11 Ton'),
	(39, '12 Ton'),
	(40, '13 Ton'),
	(41, '14 Ton'),
	(42, '15 Ton'),
	(43, '16 Ton'),
	(44, '18 Ton'),
	(45, '20 Ton'),
	(46, '23 Ton'),
	(47, '25 Ton'),
	(48, '30 Ton'),
	(49, '32 Ton'),
	(50, '35 Ton'),
	(51, '40 Ton'),
	(52, '45 Ton'),
	(53, '48 Ton'),
	(54, '50 Ton'),
	(55, '55 Ton'),
	(56, '60 Ton'),
	(57, '65 Ton'),
	(58, '70 Ton');

-- Dumping structure for table optima_db.kontrak
CREATE TABLE IF NOT EXISTS `kontrak` (
  `id` int unsigned NOT NULL AUTO_INCREMENT,
  `no_kontrak` varchar(100) COLLATE utf8mb4_general_ci NOT NULL,
  `no_po_marketing` varchar(100) COLLATE utf8mb4_general_ci DEFAULT NULL,
  `pelanggan` varchar(255) COLLATE utf8mb4_general_ci NOT NULL,
  `lokasi` varchar(255) COLLATE utf8mb4_general_ci DEFAULT NULL,
  `pic` varchar(255) COLLATE utf8mb4_general_ci DEFAULT NULL COMMENT 'Nama Person In Charge',
  `kontak` varchar(100) COLLATE utf8mb4_general_ci DEFAULT NULL COMMENT 'Kontak PIC (telepon/email)',
  `nilai_total` decimal(15,2) DEFAULT NULL COMMENT 'Nilai total kontrak dalam rupiah',
  `total_units` int unsigned NOT NULL DEFAULT '0' COMMENT 'Total unit yang terkait dengan kontrak ini',
  `tanggal_mulai` date NOT NULL,
  `tanggal_berakhir` date NOT NULL,
  `status` enum('Aktif','Berakhir','Pending','Dibatalkan') COLLATE utf8mb4_general_ci NOT NULL DEFAULT 'Pending',
  `dibuat_oleh` int unsigned DEFAULT NULL,
  `dibuat_pada` datetime DEFAULT CURRENT_TIMESTAMP,
  `diperbarui_pada` datetime DEFAULT CURRENT_TIMESTAMP ON UPDATE CURRENT_TIMESTAMP,
  PRIMARY KEY (`id`),
  UNIQUE KEY `no_kontrak_unik` (`no_kontrak`),
  KEY `fk_kontrak_dibuat_oleh` (`dibuat_oleh`),
  KEY `idx_total_units` (`total_units`)
) ENGINE=InnoDB AUTO_INCREMENT=10 DEFAULT CHARSET=utf8mb4 COLLATE=utf8mb4_general_ci;

-- Dumping data for table optima_db.kontrak: ~9 rows (approximately)
REPLACE INTO `kontrak` (`id`, `no_kontrak`, `no_po_marketing`, `pelanggan`, `lokasi`, `pic`, `kontak`, `nilai_total`, `total_units`, `tanggal_mulai`, `tanggal_berakhir`, `status`, `dibuat_oleh`, `dibuat_pada`, `diperbarui_pada`) VALUES
	(1, '001/SML/RENT/I/2025', 'PO-CL-0123', 'PT. Logistik Cepat Indonesia', 'Gudang Cikarang', NULL, NULL, NULL, 0, '2025-01-15', '2026-01-14', 'Aktif', 1, '2025-08-04 17:08:02', '2025-08-04 17:08:02'),
	(2, '002/SML/RENT/III/2025', 'PO-CL-0245', 'PT. Gudang Jaya Abadi', 'Kawasan Industri MM2100', NULL, NULL, NULL, 0, '2025-03-10', '2025-09-09', 'Aktif', 1, '2025-08-04 17:08:02', '2025-08-04 17:08:02'),
	(3, '003/SML/RENT/VI/2024', 'PO-CL-0350', 'PT. Maju Bersama Sejahtera', 'Sunter, Jakarta Utara', NULL, NULL, NULL, 0, '2024-06-20', '2025-06-19', 'Aktif', 1, '2025-08-04 17:08:02', '2025-08-14 08:51:43'),
	(4, '004/SML/RENT/VII/2025', 'PO-CL-0488', 'PT. Angkasa Kargo', 'Area Kargo Bandara Soekarno-Hatta', NULL, NULL, NULL, 0, '2025-08-01', '2026-07-31', 'Aktif', 1, '2025-08-04 17:08:02', '2025-08-14 07:55:21'),
	(5, '005/SML/RENT/VIII/2025', 'PO-CL-0511', 'PT. Samudera Logistik', 'Tanjung Priok', NULL, NULL, NULL, 0, '2025-08-20', '2025-09-05', 'Aktif', 1, '2025-08-04 17:08:02', '2025-08-14 08:47:07'),
	(6, 'test/1/1/1', 'test/1/1/1', 'ADIT', '123', NULL, NULL, NULL, 0, '2025-08-15', '2025-08-17', 'Pending', 1, '2025-08-15 09:41:59', '2025-08-15 16:41:59'),
	(7, 'test/1/1/2', 'test/1/1/2', 'ADIT', '123', NULL, NULL, NULL, 0, '2025-08-15', '2025-08-17', 'Aktif', 1, '2025-08-15 09:42:08', '2025-08-19 02:45:41'),
	(8, 'test/1/1/3', '1233', 'kaleng', 'kaaleng', NULL, NULL, NULL, 0, '2025-08-19', '2025-08-19', 'Aktif', 1, '2025-08-19 02:47:02', '2025-08-19 02:55:17'),
	(9, 'test/1/1/4', '1234', 'kalengg', 'kaalengg', NULL, NULL, NULL, 0, '2025-08-19', '2025-08-19', 'Pending', 1, '2025-08-19 02:47:14', '2025-08-19 09:47:14');

-- Dumping structure for table optima_db.mesin
CREATE TABLE IF NOT EXISTS `mesin` (
  `id` int NOT NULL AUTO_INCREMENT,
  `merk_mesin` varchar(100) NOT NULL,
  `model_mesin` varchar(100) NOT NULL,
  `bahan_bakar` varchar(50) NOT NULL,
  PRIMARY KEY (`id`)
) ENGINE=InnoDB AUTO_INCREMENT=195 DEFAULT CHARSET=utf8mb4 COLLATE=utf8mb4_0900_ai_ci;

-- Dumping data for table optima_db.mesin: ~193 rows (approximately)
REPLACE INTO `mesin` (`id`, `merk_mesin`, `model_mesin`, `bahan_bakar`) VALUES
	(1, 'TOYOTA', '1DZ-0196006', 'Diesel'),
	(2, 'TOYOTA', '1DZ-0197191', 'Diesel'),
	(3, 'TOYOTA', '1DZ-0218846', 'Diesel'),
	(4, 'TOYOTA', '1DZ-0226001', 'Diesel'),
	(5, 'TOYOTA', '1DZ-0226519', 'Diesel'),
	(6, 'TOYOTA', '1DZ-0226619', 'Diesel'),
	(7, 'TOYOTA', '1DZ-0227007', 'Diesel'),
	(8, 'TOYOTA', '1DZ-0230507', 'Diesel'),
	(9, 'TOYOTA', '1DZ-0238684', 'Diesel'),
	(10, 'TOYOTA', '1DZ-0238791', 'Diesel'),
	(11, 'TOYOTA', '1DZ-0239268', 'Diesel'),
	(12, 'TOYOTA', '1DZ-0239357', 'Diesel'),
	(13, 'TOYOTA', '1DZ-0239361', 'Diesel'),
	(14, 'TOYOTA', '1DZ-0239365', 'Diesel'),
	(15, 'TOYOTA', '1DZ-0244305', 'Diesel'),
	(16, 'TOYOTA', '1DZ-0247102', 'Diesel'),
	(17, 'TOYOTA', '1DZ-0247201', 'Diesel'),
	(18, 'TOYOTA', '1DZ-0250918', 'Diesel'),
	(19, 'TOYOTA', '1DZ-0251498', 'Diesel'),
	(20, 'TOYOTA', '1DZ-0252270', 'Diesel'),
	(21, 'TOYOTA', '1DZ-0252764', 'Diesel'),
	(22, 'TOYOTA', '1DZ-0252821', 'Diesel'),
	(23, 'TOYOTA', '1DZ-0252893', 'Diesel'),
	(24, 'TOYOTA', '1DZ-0347648', 'Diesel'),
	(25, 'TOYOTA', '1DZ-0356711', 'Diesel'),
	(26, 'TOYOTA', '1DZ-0358669', 'Diesel'),
	(27, 'TOYOTA', '1DZ-0358919', 'Diesel'),
	(28, 'TOYOTA', '1DZ-0359781', 'Diesel'),
	(29, 'TOYOTA', '1DZ-0360733', 'Diesel'),
	(30, 'TOYOTA', '1DZ-0360739', 'Diesel'),
	(31, 'TOYOTA', '1DZ-0360741', 'Diesel'),
	(32, 'TOYOTA', '1DZ-0360852', 'Diesel'),
	(33, 'TOYOTA', '1DZ-0360939', 'Diesel'),
	(34, 'TOYOTA', '1DZ-0360952', 'Diesel'),
	(35, 'TOYOTA', '1DZ-0360953', 'Diesel'),
	(36, 'TOYOTA', '1DZ-0361046', 'Diesel'),
	(37, 'TOYOTA', '1DZ-0361052', 'Diesel'),
	(38, 'TOYOTA', '1DZ-0361053', 'Diesel'),
	(39, 'TOYOTA', '1DZ-0361055', 'Diesel'),
	(40, 'TOYOTA', '1DZ-0361058', 'Diesel'),
	(41, 'TOYOTA', '1DZ-0361063', 'Diesel'),
	(42, 'TOYOTA', '1DZ-0361065', 'Diesel'),
	(43, 'TOYOTA', '1DZ-0361137', 'Diesel'),
	(44, 'TOYOTA', '1DZ-0361153', 'Diesel'),
	(45, 'TOYOTA', '1DZ-0361345', 'Diesel'),
	(46, 'TOYOTA', '1DZ-0362712', 'Diesel'),
	(47, 'TOYOTA', '1DZ-0364387', 'Diesel'),
	(48, 'TOYOTA', '1DZ-0364398', 'Diesel'),
	(49, 'TOYOTA', '1DZ-0364710', 'Diesel'),
	(50, 'TOYOTA', '1DZ-0365850', 'Diesel'),
	(51, 'TOYOTA', '1DZ-0370103', 'Diesel'),
	(52, 'TOYOTA', '1DZ-0372317', 'Diesel'),
	(53, 'TOYOTA', '1DZ-0372319', 'Diesel'),
	(54, 'TOYOTA', '1DZ-0372355', 'Diesel'),
	(55, 'TOYOTA', '1DZ-0372358', 'Diesel'),
	(56, 'TOYOTA', '1DZ-0372476', 'Diesel'),
	(57, 'TOYOTA', '1DZ-0372530', 'Diesel'),
	(58, 'TOYOTA', '1DZ-0372561', 'Diesel'),
	(59, 'TOYOTA', '1DZ-0372563', 'Diesel'),
	(60, 'TOYOTA', '1DZ-0372608', 'Diesel'),
	(61, 'TOYOTA', '1DZ-0372612', 'Diesel'),
	(62, 'TOYOTA', '1DZ-0372632', 'Diesel'),
	(63, 'TOYOTA', '1DZ-0372634', 'Diesel'),
	(64, 'TOYOTA', '1DZ-0372659', 'Diesel'),
	(65, 'TOYOTA', '1DZ-0400513', 'Diesel'),
	(66, 'TOYOTA', '1DZ-0414691', 'Diesel'),
	(67, 'TOYOTA', '1DZ-0414776', 'Diesel'),
	(68, 'TOYOTA', '1DZ-0414785', 'Diesel'),
	(69, 'TOYOTA', '1DZ-0414786', 'Diesel'),
	(70, 'TOYOTA', '1DZ-0415466', 'Diesel'),
	(71, 'TOYOTA', '1DZ-0415779', 'Diesel'),
	(72, 'TOYOTA', '1DZ-0415814', 'Diesel'),
	(73, 'TOYOTA', '1DZ-0415816', 'Diesel'),
	(74, 'TOYOTA', '1DZ-0415941', 'Diesel'),
	(75, 'TOYOTA', '1DZ-0416059', 'Diesel'),
	(76, 'TOYOTA', '1DZ-0416061', 'Diesel'),
	(77, 'TOYOTA', '1DZ-0416087', 'Diesel'),
	(78, 'TOYOTA', '1DZ-0416090', 'Diesel'),
	(79, 'TOYOTA', '1DZ-0416241', 'Diesel'),
	(80, 'TOYOTA', '1DZ-0416404', 'Diesel'),
	(81, 'TOYOTA', '1DZ-0416894', 'Diesel'),
	(82, 'TOYOTA', '1DZ-0416938', 'Diesel'),
	(83, 'TOYOTA', '1DZ-0416943', 'Diesel'),
	(84, 'TOYOTA', '1DZ-0416976', 'Diesel'),
	(85, 'TOYOTA', '1DZ-0416980', 'Diesel'),
	(86, 'TOYOTA', '1DZ-0417098', 'Diesel'),
	(87, 'TOYOTA', '1DZ-0417218', 'Diesel'),
	(88, 'TOYOTA', '1DZ-0417230', 'Diesel'),
	(89, 'TOYOTA', '1DZ-0417607', 'Diesel'),
	(90, 'TOYOTA', '1DZ-0417632', 'Diesel'),
	(91, 'TOYOTA', '1DZ-0417662', 'Diesel'),
	(92, 'TOYOTA', '1DZ-0417690', 'Diesel'),
	(93, 'TOYOTA', '14Z-0014579', 'Diesel'),
	(94, 'TOYOTA', '14Z-0014581', 'Diesel'),
	(95, 'TOYOTA', '14Z-0015050', 'Diesel'),
	(96, 'TOYOTA', '14Z-0015658', 'Diesel'),
	(97, 'TOYOTA', '14Z-0015662', 'Diesel'),
	(98, 'TOYOTA', '14Z-0015671', 'Diesel'),
	(99, 'TOYOTA', '14Z-0015673', 'Diesel'),
	(100, 'TOYOTA', '14Z-0015686', 'Diesel'),
	(101, 'TOYOTA', '14Z-0015691', 'Diesel'),
	(102, 'TOYOTA', '14Z-0015692', 'Diesel'),
	(103, 'TOYOTA', '14Z-0028118', 'Diesel'),
	(104, 'TOYOTA', '14Z-0028134', 'Diesel'),
	(105, 'TOYOTA', '14Z-0028140', 'Diesel'),
	(106, 'TOYOTA', '14Z-0028150', 'Diesel'),
	(107, 'TOYOTA', '14Z-0028165', 'Diesel'),
	(108, 'TOYOTA', '14Z-0028179', 'Diesel'),
	(109, 'TOYOTA', '14Z-0028203', 'Diesel'),
	(110, 'TOYOTA', '14Z-0028241', 'Diesel'),
	(111, 'TOYOTA', '4Y-2351413', 'Bensin / LPG'),
	(112, 'TOYOTA', '4Y-2355314', 'Bensin / LPG'),
	(113, 'TOYOTA', '4Y-2355860', 'Bensin / LPG'),
	(114, 'TOYOTA', '4Y-2356048', 'Bensin / LPG'),
	(115, 'TOYOTA', '4Y-2356096', 'Bensin / LPG'),
	(116, 'TOYOTA', '4Y-2366516', 'Bensin / LPG'),
	(117, 'TOYOTA', '4Y-2369406', 'Bensin / LPG'),
	(118, 'TOYOTA', '4Y-2371882', 'Bensin / LPG'),
	(119, 'TOYOTA', '4Y-2372927', 'Bensin / LPG'),
	(120, 'TOYOTA', '4Y-2373823', 'Bensin / LPG'),
	(121, 'TOYOTA', '4Y-2376533', 'Bensin / LPG'),
	(122, 'TOYOTA', '4Y-2379846', 'Bensin / LPG'),
	(123, 'TOYOTA', '4Y-2380448', 'Bensin / LPG'),
	(124, 'TOYOTA', '4Y-2386387 matik', 'Bensin / LPG'),
	(125, 'TOYOTA', '4Y-2386473 matik', 'Bensin / LPG'),
	(126, 'MITSUBISHI', 'S4S-3.331', 'Diesel'),
	(127, 'MITSUBISHI', 'S4S-21497', 'Diesel'),
	(128, 'MITSUBISHI', 'S4S-214563', 'Diesel'),
	(129, 'MITSUBISHI', 'S4S-217084', 'Diesel'),
	(130, 'MITSUBISHI', 'S4S-218625', 'Diesel'),
	(131, 'MITSUBISHI', 'S4S-219720', 'Diesel'),
	(132, 'MITSUBISHI', 'S4S-219725', 'Diesel'),
	(133, 'MITSUBISHI', 'S4S-220849', 'Diesel'),
	(134, 'MITSUBISHI', 'S4S-220851', 'Diesel'),
	(135, 'MITSUBISHI', 'S4S-220936', 'Diesel'),
	(136, 'MITSUBISHI', 'S4S-222774', 'Diesel'),
	(137, 'MITSUBISHI', 'S4S-224384', 'Diesel'),
	(138, 'MITSUBISHI', 'S4S-224766', 'Diesel'),
	(139, 'MITSUBISHI', 'S4S-224839', 'Diesel'),
	(140, 'MITSUBISHI', 'S4S-225323', 'Diesel'),
	(141, 'MITSUBISHI', 'S4S-227-973', 'Diesel'),
	(142, 'MITSUBISHI', 'S4S-228-487', 'Diesel'),
	(143, 'MITSUBISHI', 'S4S-229-265', 'Diesel'),
	(144, 'MITSUBISHI', 'S4S-231537', 'Diesel'),
	(145, 'MITSUBISHI', 'S4S-232202', 'Diesel'),
	(146, 'MITSUBISHI', 'S4S-232672', 'Diesel'),
	(147, 'MITSUBISHI', 'S4S-232878', 'Diesel'),
	(148, 'MITSUBISHI', 'S4S-234502', 'Diesel'),
	(149, 'MITSUBISHI', 'S4S-234503', 'Diesel'),
	(150, 'MITSUBISHI', 'S4S-234505', 'Diesel'),
	(151, 'MITSUBISHI', 'S4S-234506', 'Diesel'),
	(152, 'MITSUBISHI', 'S4S-234507', 'Diesel'),
	(153, 'MITSUBISHI', 'S4S-237854', 'Diesel'),
	(154, 'MITSUBISHI', 'S4S-240392', 'Diesel'),
	(155, 'MITSUBISHI', 'S4S-240574', 'Diesel'),
	(156, 'MITSUBISHI', 'S4S-242543', 'Diesel'),
	(157, 'MITSUBISHI', 'S4S-242544', 'Diesel'),
	(158, 'MITSUBISHI', 'S4S-242550', 'Diesel'),
	(159, 'MITSUBISHI', 'S4S-242750', 'Diesel'),
	(160, 'MITSUBISHI', 'S4S-243432', 'Diesel'),
	(161, 'MITSUBISHI', 'S4S-243437', 'Diesel'),
	(162, 'MITSUBISHI', 'S4S-243448', 'Diesel'),
	(163, 'MITSUBISHI', 'S4S-243475', 'Diesel'),
	(164, 'MITSUBISHI', 'S4S-243632', 'Diesel'),
	(165, 'MITSUBISHI', 'S4S-243687', 'Diesel'),
	(166, 'MITSUBISHI', 'S4S-243690', 'Diesel'),
	(167, 'MITSUBISHI', 'S4S-243768', 'Diesel'),
	(168, 'MITSUBISHI', 'S4S-243770', 'Diesel'),
	(169, 'MITSUBISHI', 'S4S-243939', 'Diesel'),
	(170, 'MITSUBISHI', 'S4S-244106', 'Diesel'),
	(171, 'MITSUBISHI', 'S4S-244110', 'Diesel'),
	(172, 'MITSUBISHI', 'S6S-5B1L', 'Diesel'),
	(173, 'MITSUBISHI', 'S6S-040644', 'Diesel'),
	(174, 'MITSUBISHI', 'S6S-072650', 'Diesel'),
	(175, 'MITSUBISHI', 'S6S-082680', 'Diesel'),
	(176, 'MITSUBISHI', 'S6S-082682', 'Diesel'),
	(177, 'MITSUBISHI', 'S6S-082735', 'Diesel'),
	(178, 'MITSUBISHI', 'S6S-082736', 'Diesel'),
	(179, 'MITSUBISHI', 'S6S-083725', 'Diesel'),
	(180, 'MITSUBISHI', 'S6S-083726', 'Diesel'),
	(181, 'MITSUBISHI', 'S6S-083774', 'Diesel'),
	(182, 'MITSUBISHI', 'S6S-088522', 'Diesel'),
	(183, 'MITSUBISHI', 'S6S-088558', 'Diesel'),
	(184, 'MITSUBISHI', 'S6S-089071', 'Diesel'),
	(185, 'MITSUBISHI', 'S6S-KDN2V', 'Diesel'),
	(186, 'YANMAR', '4TNE98-BQDFC', 'Diesel'),
	(188, 'NISSAN', 'QD32', 'Diesel'),
	(189, 'NISSAN', 'K21', 'Bensin / LPG'),
	(190, 'NISSAN', 'K25-1608228Y', 'Bensin / LPG'),
	(191, 'DOOSAN', 'DB58S', 'Diesel'),
	(192, 'ISUZU', '6BG1', 'Diesel'),
	(193, 'QUANCHAI', 'QC490GP', 'Diesel'),
	(194, 'WEICHAI', 'WP10.380E32', 'Diesel');

-- Dumping structure for table optima_db.migrations
CREATE TABLE IF NOT EXISTS `migrations` (
  `id` bigint unsigned NOT NULL AUTO_INCREMENT,
  `version` varchar(255) CHARACTER SET utf8mb4 COLLATE utf8mb4_general_ci NOT NULL,
  `class` varchar(255) CHARACTER SET utf8mb4 COLLATE utf8mb4_general_ci NOT NULL,
  `group` varchar(255) CHARACTER SET utf8mb4 COLLATE utf8mb4_general_ci NOT NULL,
  `namespace` varchar(255) CHARACTER SET utf8mb4 COLLATE utf8mb4_general_ci NOT NULL,
  `time` int NOT NULL,
  `batch` int unsigned NOT NULL,
  PRIMARY KEY (`id`)
) ENGINE=InnoDB AUTO_INCREMENT=9 DEFAULT CHARSET=utf8mb4 COLLATE=utf8mb4_general_ci;

-- Dumping data for table optima_db.migrations: ~2 rows (approximately)
REPLACE INTO `migrations` (`id`, `version`, `class`, `group`, `namespace`, `time`, `batch`) VALUES
	(7, '2024-01-01-000001', 'App\\Database\\Migrations\\CreateUsersTable', 'default', 'App', 1751956548, 1),
	(8, '2024-01-15-000001', 'App\\Database\\Migrations\\CreateForkliftTable', 'default', 'App', 1751956548, 1);

-- Dumping structure for table optima_db.model_unit
CREATE TABLE IF NOT EXISTS `model_unit` (
  `id_model_unit` int NOT NULL AUTO_INCREMENT,
  `merk_unit` varchar(100) NOT NULL,
  `model_unit` varchar(100) NOT NULL,
  PRIMARY KEY (`id_model_unit`)
) ENGINE=InnoDB AUTO_INCREMENT=556 DEFAULT CHARSET=utf8mb4 COLLATE=utf8mb4_0900_ai_ci;

-- Dumping data for table optima_db.model_unit: ~555 rows (approximately)
REPLACE INTO `model_unit` (`id_model_unit`, `merk_unit`, `model_unit`) VALUES
	(1, 'AVANT', 'M420MSDTT'),
	(2, 'BT', 'RRE160MC'),
	(3, 'BT', 'LPE200'),
	(4, 'CAT', 'EP15TCA'),
	(5, 'CAT', 'NRS18CA'),
	(6, 'CAT', 'EP20CA'),
	(7, 'CAT', 'DP25ND'),
	(8, 'CAT', 'DP25NT'),
	(9, 'CAT', 'DP25ND 25P30'),
	(10, 'CAT', 'Hand Lift'),
	(11, 'CAT', 'DP25ND 2SP30'),
	(12, 'CAT', 'DP25NDC'),
	(13, 'CAT', 'GP25ND'),
	(14, 'CAT', 'DP25ND - 2SP30'),
	(15, 'CAT', 'DP45N'),
	(16, 'CAT', 'GP25NT'),
	(17, 'CAT', 'DP25ND-C / 2SP30'),
	(18, 'CAT', 'DP30ND'),
	(19, 'CAT', 'DP30ND 25P30'),
	(20, 'CAT', 'DP30ND 2SP30'),
	(21, 'CAT', 'DP30ND - 2SP30'),
	(22, 'CAT', 'GP30ND'),
	(23, 'CAT', 'DP30ND - 3FP47'),
	(24, 'CAT', 'DP30ND 2SP50'),
	(25, 'CAT', 'GP35ND'),
	(26, 'CAT', 'DP35ND'),
	(27, 'CAT', 'DP40ND'),
	(28, 'CAT', 'DP40KT'),
	(29, 'CAT', 'DP40KD'),
	(30, 'CAT', 'DP40KLT'),
	(31, 'CAT', 'DP 40 KT'),
	(32, 'CAT', 'DP40NT'),
	(33, 'CAT', 'DP40N'),
	(34, 'CAT', 'DP45N - 3FP43 - PS/PS'),
	(35, 'CAT', 'DP50NT'),
	(36, 'CAT', 'DP50N'),
	(37, 'CAT', 'DP70T'),
	(38, 'CLARK', '-'),
	(39, 'CROWN', 'RD5725-30'),
	(40, 'CROWN', 'RD5795S-30'),
	(41, 'CROWN', 'RD5795 S-32TT366'),
	(42, 'CROWN', 'RD5725-32'),
	(43, 'CROWN', 'RDS795S-32TT442'),
	(44, 'CROWN', 'RD5795S-32TT442'),
	(45, 'CROWN', 'RDS5700'),
	(46, 'CROWN', 'RD5795S-32'),
	(47, 'CROWN', 'SC5240-40'),
	(48, 'CROWN', 'RR5725-45'),
	(49, 'CROWN', 'RDS7955-32TT240'),
	(50, 'CROWN', 'RR5795S-45'),
	(51, 'CROWN', 'RR57955-45'),
	(52, 'CROWN', 'RMD6095-32'),
	(53, 'CROWN', 'RMD6095S-32'),
	(54, 'CROWN', 'PM 10'),
	(55, 'CROWN', 'RT 09'),
	(56, 'CROWN', 'RD5795S-32TT400'),
	(57, 'CROWN', 'RD572532'),
	(58, 'CROWN', 'RR5795S-45TT341'),
	(59, 'CROWN', 'RMD 6095S-32TT505'),
	(60, 'DOOSAN', 'D25G'),
	(61, 'DOOSAN', 'D25G-3.210M'),
	(62, 'DOOSAN', 'D25G-4.710M'),
	(63, 'DOOSAN', 'D25G-3M'),
	(64, 'DOOSAN', 'D25D-5.540MM'),
	(65, 'DOOSAN', 'D25G-5.990MM'),
	(66, 'DOOSAN', 'D25G-5.540M'),
	(67, 'DOOSAN', 'G25G-5.990M'),
	(68, 'DOOSAN', 'D30G'),
	(69, 'DOOSAN', 'D30G-3M'),
	(70, 'DOOSAN', 'D30G-4.710M'),
	(71, 'DOOSAN', 'D30G-5990M'),
	(72, 'DOOSAN', 'D30G-5990MM'),
	(73, 'DOOSAN', 'D50C-5'),
	(74, 'DOOSAN', 'D50C-5-3.050M'),
	(75, 'DOOSAN', 'D50C-5-4.000M'),
	(76, 'DOOSAN', 'D50C-5-5.925M'),
	(77, 'DOOSAN', 'D50C-5-4.125M'),
	(78, 'DOOSAN', 'D50C-5-5925M'),
	(79, 'DOOSAN', 'D50C5-5.925M'),
	(80, 'DOOSAN', 'D70S-5'),
	(81, 'DOOSAN', 'D70S-5-3M'),
	(82, 'DOOSAN', 'D70C-5-3.000M'),
	(83, 'DOOSAN', 'D70S-3M'),
	(84, 'DOOSAN', 'D70S-5.5M'),
	(85, 'DOOSAN', 'D70S-5.6.000M'),
	(86, 'DOOSAN', 'D90S-5-3.300M'),
	(87, 'DOOSAN', 'D90S-5.300MM'),
	(88, 'DOOSAN', 'D160S-5'),
	(89, 'DOOSAN', 'D160S-5-3000M'),
	(90, 'DOOSAN', 'D160S-5.300M'),
	(91, 'DOOSAN', 'D160S-4'),
	(92, 'DOOSAN', 'DV250S-7/dv300S-7'),
	(93, 'DYNAPAC', 'CC1250'),
	(94, 'ENSIGN', 'YX635'),
	(95, 'ENSIGN', 'YX646'),
	(96, 'EP', 'ES12-12CS'),
	(97, 'EP', 'RPL301'),
	(98, 'EP', 'RPL251'),
	(99, 'EP', 'RSC152'),
	(100, 'EP', 'ES-16-16EX'),
	(101, 'EP', 'KPL201'),
	(102, 'EP', 'F4'),
	(103, 'EP', 'EFL253S'),
	(104, 'EP', 'CPC30T3'),
	(105, 'EP', 'EFL303S'),
	(106, 'EP', 'CPC35T3'),
	(107, 'EP', 'EFL352'),
	(108, 'EP', 'EFL353S'),
	(109, 'EP', 'ES-10-10CX'),
	(110, 'EP', 'ES10-12CX'),
	(111, 'HAKO', 'D1200RH'),
	(112, 'HAKO', 'SCM-B75R'),
	(113, 'HANGCHA', 'CDD12-AC1S-P'),
	(114, 'HANGCHA', 'CPDB12-AC1S'),
	(115, 'HANGCHA', 'CPDB12-ACIS-I'),
	(116, 'HANGCHA', 'CQDB16'),
	(117, 'HANGCHA', 'CPDB16-ACIS-I'),
	(118, 'HANGCHA', 'CDD20-AC1S'),
	(119, 'HANGCHA', 'CPD25-AC3'),
	(120, 'HANGCHA', 'CBD20'),
	(121, 'HANGCHA', 'CPDB20-ACIS'),
	(122, 'HANGCHA', 'CPCD25'),
	(123, 'HANGCHA', 'CPD25'),
	(124, 'HANGCHA', 'CQD25-AC2S-I'),
	(125, 'HANGCHA', 'CQD25'),
	(126, 'HANGCHA', 'CPD30'),
	(127, 'HANGCHA', 'CBD30-ACIS-I'),
	(128, 'HANGCHA', 'CPD50'),
	(129, 'HANGCHA', 'CDD20-AC1S-P'),
	(130, 'HANGCHA', 'CDD12-AC18-P'),
	(131, 'HELI', 'CPD15-GB3LI-M'),
	(132, 'HELI', 'CPD15-GB2LI-M'),
	(133, 'HELI', 'CBD15J-LI-S'),
	(134, 'HELI', 'CPD15-JRD'),
	(135, 'HELI', 'CQD16-GB2SZLI'),
	(136, 'HELI', 'CQD16-GB2SLLI'),
	(137, 'HELI', 'CQD18-A2RLIG2'),
	(138, 'HELI', 'CQD20'),
	(139, 'HELI', 'CQD20-GC2RLI'),
	(140, 'HELI', 'CBD20J-RLI'),
	(141, 'HELI', 'CDD20-D930'),
	(142, 'HELI', 'CBD20-J1R'),
	(143, 'HELI', 'CQD20-GB2SHDLI'),
	(144, 'HELI', 'CDD20-950'),
	(145, 'HELI', 'CPD20-GB6LI-S'),
	(146, 'HELI', 'CPD20-JRD'),
	(147, 'HELI', 'CPD20SQ-A2LIG3-M'),
	(148, 'HELI', 'CPD25'),
	(149, 'HELI', 'CBD15J'),
	(150, 'HELI', 'CPD25-GB3LI-M'),
	(151, 'HELI', 'CPCD25-M1K2'),
	(152, 'HELI', 'CPD25-GB2LI-M'),
	(153, 'HELI', 'CPD25-GB6LI-S'),
	(154, 'HELI', 'CPD25FB-HA2HLIB3'),
	(155, 'HELI', 'CPCD50-M4G3'),
	(156, 'HELI', 'CPD30'),
	(157, 'HELI', 'CBD30'),
	(158, 'HELI', 'CBD30J'),
	(159, 'HELI', 'CPCD30-Q22K2'),
	(160, 'HELI', 'CPCD30-M1K2'),
	(161, 'HELI', 'CBD30J-RLI'),
	(162, 'HELI', 'CPC30-WS1K2'),
	(163, 'HELI', 'CPD30-GB2LI-M'),
	(164, 'HELI', 'CPD30-GB6LI-S'),
	(165, 'HELI', 'CBD30-460'),
	(166, 'HELI', 'CPD35'),
	(167, 'HELI', 'CPCD35-M1K2'),
	(168, 'HELI', 'CPCD35-Q22K2'),
	(169, 'HELI', 'CPD35-GB2LI-M'),
	(170, 'HELI', 'CPD35-GB6LI-S'),
	(171, 'HELI', 'CPD38'),
	(172, 'HELI', 'CPD38-GB2LI-M'),
	(173, 'HELI', 'QYD40S'),
	(174, 'HELI', 'QYD40S-JE3G2LI'),
	(175, 'HELI', 'CPCD50-M4K2'),
	(176, 'HELI', 'CPCD50'),
	(177, 'HELI', 'CPCD55-M4G3'),
	(178, 'HELI', 'CPD50-GB3LI'),
	(179, 'HELI', 'CPD50-G2A11LI'),
	(180, 'HELI', 'CPD50-GB2LI'),
	(181, 'HELI', 'CPCD70-W2K2'),
	(182, 'HELI', 'CPCD100-W2K2'),
	(183, 'HELI', 'CPCD250-VZ2-12III'),
	(184, 'HELI', 'CPCD120-CU1-06III'),
	(185, 'HELI', 'CPCD150'),
	(186, 'HELI', 'CPCD150-CU-06IIG'),
	(187, 'HELI', 'CPD20-GE6LI-S'),
	(188, 'HELI', 'CPCD25-Q22K2'),
	(189, 'HELI', 'CPD25-BG6LI-S'),
	(190, 'HELI', 'CQDM20J-LI'),
	(191, 'HELI', 'CPD20-GB2LI-M'),
	(192, 'HELI', 'CPD40-GB2LI'),
	(193, 'HELI', 'CPCD40-M4G3'),
	(194, 'HELI', 'CPCD160-CU-06IIG'),
	(195, 'HELI', '01F-231103'),
	(196, 'HELI', 'PALETE MOVER'),
	(197, 'HYSTER', '-'),
	(198, 'HYSTER', 'H3.0 TX-98'),
	(199, 'HYUNDAI', '18BR-9'),
	(200, 'HYUNDAI', '25D-7SA'),
	(201, 'HYUNDAI', '25DT-7'),
	(202, 'HYUNDAI', '25BR-9'),
	(203, 'HYUNDAI', '25B-9F'),
	(204, 'HYUNDAI', '20BR-9'),
	(205, 'HYUNDAI', '30G-7M'),
	(206, 'HYUNDAI', '33DT-7'),
	(207, 'HYUNDAI', '30D-7SA'),
	(208, 'HYUNDAI', '30DT-F'),
	(209, 'HYUNDAI', '30B-9F'),
	(210, 'HYUNDAI', '35D-7SA'),
	(211, 'HYUNDAI', '40T-9'),
	(212, 'HYUNDAI', '50B-9'),
	(213, 'HYUNDAI', '50D-9SA'),
	(214, 'HYUNDAI', '70DT-7'),
	(215, 'JUNGHEINRICH', 'ERE120-1150-6700'),
	(216, 'JUNGHEINRICH', 'ERE120-1150-5400'),
	(217, 'JUNGHEINRICH', 'ETV116n-1150-9020DZ'),
	(218, 'JUNGHEINRICH', 'ERE120'),
	(219, 'JUNGHEINRICH', 'ETV214-1150-8300DZ'),
	(220, 'JUNGHEINRICH', 'ETV214-1150-8420DZ'),
	(221, 'JUNGHEINRICH', 'EFGMC325-GTE115-470DZ'),
	(222, 'JUNGHEINRICH', 'EFGMC325-1150-4700DZ'),
	(223, 'JUNGHEINRICH', 'ETVMB216-1150-9020DZ'),
	(224, 'JUNGHEINRICH', 'ETV116-115-9020DZ'),
	(225, 'JUNGHEINRICH', 'EVT116N-1150-9020DZ'),
	(226, 'JUNGHEINRICH', 'ETVN116N-1150-9020DZ'),
	(227, 'JUNGHEINRICH', 'ETV 116n-115-9020 DZ'),
	(228, 'JUNGHEINRICH', 'ETV 116'),
	(229, 'JUNGHEINRICH', 'ETVMC320-1150-10520DZ'),
	(230, 'JUNGHEINRICH', 'ETV120n-1150-11510DZ'),
	(231, 'JUNGHEINRICH', 'ETV120n-1150-10520DZ'),
	(232, 'JUNGHEINRICH', 'ETV MB216'),
	(233, 'JUNGHEINRICH', 'ETV MC320 GNE'),
	(234, 'JUNGHEINRICH', 'ETV MB216 GE'),
	(235, 'JUNGHEINRICH', 'ETV MC320'),
	(236, 'KOMATSU', 'FB17RJX-1'),
	(237, 'KOMATSU', 'FBR7RJX-1'),
	(238, 'KOMATSU', 'FD-25C-11'),
	(239, 'KOMATSU', 'FD25C-14'),
	(240, 'KOMATSU', 'DP25ND'),
	(241, 'KOMATSU', 'DP25NT'),
	(242, 'KOMATSU', 'FD25C-12'),
	(243, 'KOMATSU', 'FG25C-14'),
	(244, 'KOMATSU', 'FD25C 14 DIESEL'),
	(245, 'KOMATSU', '541009'),
	(246, 'KOMATSU', '568238'),
	(247, 'KOMATSU', '568291'),
	(248, 'KOMATSU', 'FD30C-12'),
	(249, 'KOMATSU', 'FD30JT-12'),
	(250, 'KOMATSU', 'FB30X-1'),
	(251, 'KOMATSU', '540495'),
	(252, 'KOMATSU', 'WA350-3'),
	(253, 'KOMATSU', 'FD50T-P'),
	(254, 'KOMATSU', 'FD60T-1'),
	(255, 'LINDE', 'R14'),
	(256, 'LINDE', 'E 15 C'),
	(257, 'LINDE', 'E 18 P'),
	(258, 'LINDE', 'R1-6N'),
	(259, 'LOGITRANS', 'Palet stacker + charger'),
	(260, 'MHE DEMAG', 'MPR25AC-685'),
	(261, 'MITSUBISHI', 'FD20-2SP40'),
	(262, 'MITSUBISHI', 'DP20ND'),
	(263, 'MITSUBISHI', 'DP25ND'),
	(264, 'MITSUBISHI', 'FG25NT-3FP47-PS/PS'),
	(265, 'MITSUBISHI', 'FG25NT-2SP30-PS/PS'),
	(266, 'MITSUBISHI', 'FG25NT-2SP40-PS/PS'),
	(267, 'MITSUBISHI', 'FG25ND - 3FP47 - PS/ PS'),
	(268, 'MITSUBISHI', 'FG25ND - 2SP40 - PS/PS'),
	(269, 'MITSUBISHI', 'FG25NT'),
	(270, 'MITSUBISHI', 'FG30ND'),
	(271, 'MITSUBISHI', 'FD40N-2SP50-P5/PS'),
	(272, 'MITSUBISHI', 'FD40N-3F43-PS/PS'),
	(273, 'MITSUBISHI', 'FD40N'),
	(274, 'MITSUBISHI', 'FD40NT'),
	(275, 'MITSUBISHI', 'FD50T'),
	(276, 'MITSUBISHI', 'FD50KT'),
	(277, 'MITSUBISHI', 'FD 50 DIESEL KT'),
	(278, 'MITSUBISHI', 'FD150SNL'),
	(279, 'MITSUBISHI', 'FD50NT'),
	(280, 'MITSUBISHI', 'FD70NH'),
	(281, 'MYMAX', 'ZL-946B'),
	(282, 'NICHIYU', 'FBRM15-75-400'),
	(283, 'NICHIYU', 'FBRW15-75C-500M'),
	(284, 'NICHIYU', 'FBT115PN-75C-470M'),
	(285, 'NICHIYU', 'FBT15PN-75C-470M'),
	(286, 'NICHIYU', 'FBRW15-75C-600M'),
	(287, 'NICHIYU', 'FBRW18-75C-700MSF'),
	(288, 'NICHIYU', 'FBR A W18-50SB-600MWB'),
	(289, 'NICHIYU', 'FBRA18-63B-400CS'),
	(290, 'NICHIYU', 'FBRW18-75C-700MSF(600M)'),
	(291, 'NICHIYU', 'FB20PN-75C-470M'),
	(292, 'NICHIYU', 'FB20PN-72C-470M'),
	(293, 'NICHIYU', 'FB20PN-72C-300'),
	(294, 'NICHIYU', 'PLDP20-70-A12'),
	(295, 'NICHIYU', 'FB25PN-72C-300'),
	(296, 'NICHIYU', 'FB25PN-72C-470M'),
	(297, 'NICHIYU', 'FB25NP-72C'),
	(298, 'NICHIYU', 'FB25PN-72C-300PFL'),
	(299, 'NICHIYU', 'FB25PN-72C-470PFL'),
	(300, 'NICHIYU', 'FBR15-75C-500M'),
	(301, 'NICHIYU', 'FB25PN-72C-300M'),
	(302, 'NICHIYU', 'FB25P-75C-300'),
	(303, 'NICHIYU', 'FB25PN-75C-300M'),
	(304, 'NICHIYU', 'FB25PN-72C-400'),
	(305, 'NICHIYU', 'FB25PN-72C-550M'),
	(306, 'NICHIYU', 'FB25PN-72C-600M'),
	(307, 'NICHIYU', 'FB30PN-72C-300'),
	(308, 'NICHIYU', 'FB30PN-72C-300M'),
	(309, 'NICHIYU', 'FB30PN-75C-300'),
	(310, 'NICHIYU', 'FB30P-75C-300'),
	(311, 'NICHIYU', 'FB30PN-72C-430M'),
	(312, 'NICHIYU', 'FBD10-700C-350'),
	(313, 'NICHIYU', 'FBD10-700C-250'),
	(314, 'NISSAN', 'Y1F2M25U-2W300'),
	(315, 'NISSAN', 'Y1F2M25U-003350'),
	(316, 'NISSAN', 'Y1F2M25U-003351'),
	(317, 'NISSAN', 'T1B2L25U-2W300'),
	(318, 'NISSAN', 'T1B2L25U-3F430'),
	(319, 'NISSAN', 'D1F5F40U-VM400'),
	(320, 'NISSAN', 'D1F5F40U-VFH435'),
	(321, 'NISSAN', 'D1F540U-VFH435'),
	(322, 'NISSAN', 'D1F50F40U-VM500'),
	(323, 'NISSAN', 'D1F5F40U-VFH600'),
	(324, 'NISSAN', 'D1F5F40U-VM500'),
	(325, 'NISSAN', 'D1F5F50U-VM300'),
	(326, 'NISSAN', 'D1F5F50U-VM 300'),
	(327, 'NISSAN', 'D1F5F50U-VM500'),
	(328, 'NISSAN', '1F6F70U'),
	(329, 'NISSAN', 'L1FG6F704/1F6F70U-VM300'),
	(330, 'NISSAN', 'L1F6F70U-VM300'),
	(331, 'NISSAN', 'L1F6F70U-VFH600'),
	(332, 'NISSAN', '1F6F70U-VM300'),
	(333, 'NISSAN', '1F6F70U-VFH600'),
	(334, 'PATRIA', 'PFG 20T-2'),
	(335, 'PATRIA', 'PFD-25LC-1'),
	(336, 'PATRIA', '-'),
	(337, 'PATRIA', 'FD30T-0'),
	(338, 'PATRIA', 'FD35TA-2'),
	(339, 'POWERLIFT', 'ES12-12CS'),
	(340, 'REYMON', 'REYMON 762DR32TT'),
	(341, 'REYMON', 'REYMON 7620'),
	(342, 'SANY', 'SYZ324C-8W(R)'),
	(343, 'SEM', 'SEM636D'),
	(344, 'SEM', 'SEM655F'),
	(345, 'SEM', 'SEM618D'),
	(346, 'SEM', 'SEM636F'),
	(347, 'SHANTUI', 'L-36-B5'),
	(348, 'SHANTUI', 'L55-B5'),
	(349, 'SHINKO', '6FBR15'),
	(350, 'SOOSUNG', 'SWP 13'),
	(351, 'SOOSUNG', 'SWR - 1500L'),
	(352, 'SOOSUNG', 'SBR 20'),
	(353, 'SOOSUNG', 'SWP 25'),
	(354, 'SOOSUNG', 'SWP-2500'),
	(355, 'SOOSUNG', 'SBF-25A'),
	(356, 'SOOSUNG', 'SST-4000TWG'),
	(357, 'SOOSUNG', 'SST - 4000'),
	(358, 'SOOSUNG', 'SWC - 1000L'),
	(359, 'SOOSUNG', 'SSL-2646'),
	(360, 'SOOSUNG', 'SSL-3370'),
	(361, 'STILL', 'EGV-S14'),
	(362, 'STILL', 'FM-X14'),
	(363, 'STILL', 'RX50-15'),
	(364, 'STILL', 'RX 20 -15'),
	(365, 'STILL', 'RX20-15'),
	(366, 'STILL', 'VNA NXV'),
	(367, 'STILL', 'EXP16'),
	(368, 'STILL', 'FM-X17N'),
	(369, 'STILL', 'R 20-20P'),
	(370, 'STILL', 'EXU-20'),
	(371, 'STILL', 'FM-X20N'),
	(372, 'STILL', 'FM-X20'),
	(373, 'STILL', 'LTX20'),
	(374, 'STILL', 'EXU- S24'),
	(375, 'STILL', 'FM-X25'),
	(376, 'STILL', 'ECU 30'),
	(377, 'STILL', 'RX60-40'),
	(378, 'STILL', 'RX60-40/600'),
	(379, 'STILL', 'RX60-50'),
	(380, 'STILL', 'RX60-50/600'),
	(381, 'STILL', 'RX60-50/LC500'),
	(382, 'STILL', 'RX 60-50'),
	(383, 'STILL', 'RX60-60'),
	(384, 'STILL', 'GX-X'),
	(385, 'STILL', 'FM-4W25'),
	(386, 'STILL', 'EXU-S 24'),
	(387, 'SUMITOMO', '61-FBRA15WX'),
	(388, 'SUMITOMO', '8FB25PX'),
	(389, 'SUMITOMO', 'A.899RO2300f'),
	(390, 'TCM', 'FD25Z1'),
	(391, 'TCM', 'FD25Z3'),
	(392, 'TCM', 'FB 25-7'),
	(393, 'TCM', 'FD25C-NOMA'),
	(394, 'TCM', 'FD25C-6'),
	(395, 'TCM', 'FD25T3CZ'),
	(396, 'TCM', 'FD25T3CZ/FD30T3CZ'),
	(397, 'TCM', 'FB25P-80C-3F470'),
	(398, 'TCM', 'FBRW15-85C-600M'),
	(399, 'TCM', 'FB25-9'),
	(400, 'TCM', 'FD30C-6'),
	(401, 'TCM', 'FD30T3CZ'),
	(402, 'TCM', 'FD30T9'),
	(403, 'TCM', 'FD40C9 VM3000'),
	(404, 'TCM', 'FD40T9'),
	(405, 'TCM', 'FD40T9/FD50T9'),
	(406, 'TCM', 'FD40T9/(FD50T9)'),
	(407, 'TCM', 'FD50T-3'),
	(408, 'TCM', 'FD50T9'),
	(409, 'TCM', 'FD50T9-VFHM700LF122FDT'),
	(410, 'TCM', 'FD50Z8'),
	(411, 'TCM', 'FD50T9B'),
	(412, 'TCM', 'FD70Z8'),
	(413, 'TCM', 'FD70Z8T'),
	(414, 'TCM', 'FD70T9/FD80Z8(EDIT)'),
	(415, 'TCM', 'FD70T9'),
	(416, 'TCM', 'FD70Z8B'),
	(417, 'TCM', 'FD100T'),
	(418, 'TCM', 'FD 100Z-8'),
	(419, 'TCM', 'FD100Z8'),
	(420, 'TCM', 'FD150T'),
	(421, 'TCM', 'FD150S-3'),
	(422, 'TCM', 'FD150S-3B'),
	(423, 'TCM', 'FD230-2'),
	(424, 'TCM', 'SSL 711'),
	(425, 'TM', 'TWT 150TOWING'),
	(426, 'TM', 'NTT 150 TOWING'),
	(427, 'TM', 'FBR 25-02 ELEC'),
	(428, 'TM', 'FBR 25-03 ELEC'),
	(429, 'TM', 'FBR 20 ELEC'),
	(430, 'TM', 'TEC30XQ ELEC'),
	(431, 'TM', 'NTT100 TOWING'),
	(432, 'TOW MOTOR', 'NPP15E2'),
	(433, 'TOYOTA', 'FBR 1.3'),
	(434, 'TOYOTA', 'SPE140S'),
	(435, 'TOYOTA', '60-8FD15'),
	(436, 'TOYOTA', '7FBR15'),
	(437, 'TOYOTA', '8FBE15'),
	(438, 'TOYOTA', '8FBN15'),
	(439, 'TOYOTA', '62-8FD15'),
	(440, 'TOYOTA', 'LHE150'),
	(441, 'TOYOTA', '7FBR18'),
	(442, 'TOYOTA', '8FBR18'),
	(443, 'TOYOTA', '5FBR-20'),
	(444, 'TOYOTA', '5FB-20'),
	(445, 'TOYOTA', '8FBE20'),
	(446, 'TOYOTA', '8FBRS20'),
	(447, 'TOYOTA', 'FD25C-14'),
	(448, 'TOYOTA', 'FD25T-7'),
	(449, 'TOYOTA', '7FD25'),
	(450, 'TOYOTA', '62 8FD25'),
	(451, 'TOYOTA', '8FD25'),
	(452, 'TOYOTA', '30 8FG25'),
	(453, 'TOYOTA', '60-8FD25'),
	(454, 'TOYOTA', '32 8FG25'),
	(455, 'TOYOTA', '30-8FG25'),
	(456, 'TOYOTA', '32-8FG25'),
	(457, 'TOYOTA', '60 -8FD25'),
	(458, 'TOYOTA', '60 - 8FD25'),
	(459, 'TOYOTA', '62-8FD25'),
	(460, 'TOYOTA', '8FBN25'),
	(461, 'TOYOTA', '628FD25'),
	(462, 'TOYOTA', 'FDZN25'),
	(463, 'TOYOTA', 'LPE250'),
	(464, 'TOYOTA', 'FBN25'),
	(465, 'TOYOTA', '32-FG25'),
	(466, 'TOYOTA', 'LP250'),
	(467, 'TOYOTA', 'FGZN25'),
	(468, 'TOYOTA', '8FBRS25'),
	(469, 'TOYOTA', 'FBR'),
	(470, 'TOYOTA', '60 - 8FD30'),
	(471, 'TOYOTA', '60-8FD30'),
	(472, 'TOYOTA', '62-8FD30'),
	(473, 'TOYOTA', '7FB30'),
	(474, 'TOYOTA', '628FD30'),
	(475, 'TOYOTA', '8FB30'),
	(476, 'TOYOTA', 'FDZN30'),
	(477, 'TOYOTA', '8FBN30'),
	(478, 'TOYOTA', '8FD30'),
	(479, 'TOYOTA', '32-8FG30'),
	(480, 'TOYOTA', '5FD35'),
	(481, 'TOYOTA', '7FD35'),
	(482, 'TOYOTA', '32-7FD35'),
	(483, 'TOYOTA', '72-8FDJ35'),
	(484, 'TOYOTA', '8FDN35'),
	(485, 'TOYOTA', '8FBJ35'),
	(486, 'TOYOTA', 'CBT 4 TOWING'),
	(487, 'TOYOTA', 'CBT4'),
	(488, 'TOYOTA', '4CBTK4'),
	(489, 'TOYOTA', '8FDN40'),
	(490, 'TOYOTA', '8FD40N'),
	(491, 'TOYOTA', '8FD45N'),
	(492, 'TOYOTA', '7FD50'),
	(493, 'TOYOTA', '8FD50N'),
	(494, 'TOYOTA', '5FBR15'),
	(495, 'TOYOTA', 'BTLHE150'),
	(496, 'TOYOTA', 'LHE50'),
	(497, 'XCMG', 'LW300KN'),
	(498, 'XILIN LI-ION', 'CBD20R-11'),
	(499, 'YALE', 'NDR035EB'),
	(500, 'YALE', 'NDR035EANL36TE143'),
	(501, 'YALE', 'FBRA18WY'),
	(502, 'YALE', 'FBR18SZ'),
	(503, 'YALE', 'MP20XV'),
	(504, 'YALE', 'MR20HD'),
	(505, 'YALE', 'GDP25RK'),
	(506, 'YALE', 'GLP25RK'),
	(507, 'YALE', 'GLPK25RK'),
	(508, 'YALE', 'FB25PYE'),
	(509, 'YALE', 'FB25PZ'),
	(510, 'YALE', 'FBR25SY'),
	(511, 'YALE', 'GLP25MX'),
	(512, 'YALE', 'FB25RZ'),
	(513, 'YALE', 'GLP30TK'),
	(514, 'YALE', 'FB30RZ'),
	(515, 'YALE', 'GLP30MX-BL'),
	(516, 'YALE', 'NRDR035EA'),
	(517, 'YALE', 'NDR035EBNL36TE179'),
	(518, 'YALE', 'NDR035EANL36TE157'),
	(519, 'STILL', 'GX-X/GX-Q'),
	(520, 'BOBCAT', 'SKID STEER LOADER, S570'),
	(521, 'TOYOTA', 'SWE120'),
	(522, 'HELI', 'CDD15J-RE'),
	(523, 'MITSUBISHI', 'FD35'),
	(524, 'KOMATSU', 'FD25JC-12'),
	(525, 'TOYOTA', '7FB25'),
	(526, 'KOMATSU', 'FD50-6'),
	(527, 'TOYOTA', 'FD20T-6'),
	(528, 'MITSUBISHI', 'FD70T'),
	(529, 'TOYOTA', 'FD30ZS700'),
	(530, 'KOMATSU', 'FD2.5C-14'),
	(531, 'MITSUBISHI', 'FD30'),
	(532, 'KOMATSU', 'FD30C-14'),
	(533, 'MITSUBISHI', 'DP30ND'),
	(534, 'CAT', 'CPCD70F1'),
	(535, 'MITSUBISHI', 'FD70 DIESEL'),
	(536, 'TOYOTA', 'FBR 1.5'),
	(537, 'TOYOTA', '5FB25'),
	(538, 'TOYOTA', '7FB20'),
	(539, 'SOOSUNG', 'SBF-255'),
	(540, 'NISSAN', 'F1F1M15U-2W350'),
	(541, 'PATRIA', 'PFD25CL-1'),
	(542, 'NICHIYU', 'FBRW 18-75C-700MSF'),
	(543, 'SOOSUNG', 'SBF-15'),
	(544, 'TOYOTA', '60 8FD30'),
	(545, 'HYSTER', 'H2.50DX'),
	(546, 'HYSTER', 'H2.5TX-92'),
	(547, 'CAT', 'DP30NT'),
	(548, 'JUNGHEINRICH', 'ETV116-1150-9020DZ'),
	(549, 'YALE', 'GDP25TK'),
	(550, 'NICHIYU', 'FB25PN-72C-470'),
	(551, 'CAT', 'E920TCA'),
	(552, 'NICHIYU', 'FB25PN-75C-300'),
	(553, 'NICHIYU', 'FB25P-75C-470M'),
	(554, 'NICHIYU', 'F25PN-72C-470M'),
	(555, 'CAT', 'DP25ND3FP47');

-- Dumping structure for table optima_db.notifications
CREATE TABLE IF NOT EXISTS `notifications` (
  `id` int NOT NULL AUTO_INCREMENT,
  `user_id` int DEFAULT NULL,
  `target_role` varchar(100) DEFAULT NULL,
  `url` varchar(500) DEFAULT NULL,
  `role` varchar(50) DEFAULT NULL,
  `division` varchar(50) DEFAULT NULL,
  `message` text NOT NULL,
  `link` varchar(255) DEFAULT NULL,
  `is_read` tinyint(1) NOT NULL DEFAULT '0',
  `created_at` datetime NOT NULL DEFAULT CURRENT_TIMESTAMP,
  `read_at` datetime DEFAULT NULL,
  PRIMARY KEY (`id`)
) ENGINE=InnoDB AUTO_INCREMENT=16 DEFAULT CHARSET=utf8mb4 COLLATE=utf8mb4_0900_ai_ci;

-- Dumping data for table optima_db.notifications: ~13 rows (approximately)
REPLACE INTO `notifications` (`id`, `user_id`, `target_role`, `url`, `role`, `division`, `message`, `link`, `is_read`, `created_at`, `read_at`) VALUES
	(1, NULL, NULL, NULL, 'warehouse', 'warehouse', 'Ada 1 unit PO baru (No: tester) yang harus diverifikasi.', '/warehouse/purchase-orders', 0, '2025-08-11 16:37:42', NULL),
	(2, NULL, NULL, NULL, 'warehouse', 'warehouse', 'Ada 1 unit PO baru (No: tester324234) yang harus diverifikasi.', '/warehouse/purchase-orders', 0, '2025-08-12 09:00:10', NULL),
	(3, NULL, NULL, NULL, 'warehouse', 'warehouse', 'Ada 1 unit PO baru (No: initest) yang harus diverifikasi.', '/warehouse/purchase-orders', 0, '2025-08-12 09:21:21', NULL),
	(4, NULL, NULL, NULL, 'warehouse', 'warehouse', 'Ada 1 unit PO baru (No: initest123) yang harus diverifikasi.', '/warehouse/purchase-orders', 0, '2025-08-12 13:45:20', NULL),
	(5, NULL, NULL, NULL, NULL, NULL, 'SPK SPK/202508/004 diajukan oleh Marketing untuk diproses Service.', NULL, 0, '2025-08-15 09:42:53', NULL),
	(6, NULL, NULL, NULL, NULL, NULL, 'SPK SPK/202508/005 diajukan oleh Marketing untuk diproses Service.', NULL, 0, '2025-08-16 02:21:30', NULL),
	(7, NULL, NULL, NULL, NULL, NULL, 'SPK SPK/202508/006 diajukan oleh Marketing untuk diproses Service.', NULL, 0, '2025-08-16 02:56:25', NULL),
	(8, NULL, NULL, NULL, NULL, NULL, 'SPK SPK/202508/007 diajukan oleh Marketing untuk diproses Service.', NULL, 0, '2025-08-16 03:54:30', NULL),
	(9, NULL, NULL, NULL, NULL, NULL, 'SPK SPK/202508/008 diajukan oleh Marketing untuk diproses Service.', NULL, 0, '2025-08-16 04:45:17', NULL),
	(10, NULL, NULL, NULL, NULL, NULL, 'SPK SPK/202508/009 diajukan oleh Marketing untuk diproses Service.', NULL, 0, '2025-08-16 12:47:25', NULL),
	(11, NULL, NULL, NULL, NULL, NULL, 'SPK SPK/202508/010 diajukan oleh Marketing untuk diproses Service.', NULL, 0, '2025-08-16 13:36:27', NULL),
	(12, NULL, NULL, NULL, NULL, NULL, 'SPK SPK/202508/011 diajukan oleh Marketing untuk diproses Service.', NULL, 0, '2025-08-16 14:12:06', NULL),
	(13, NULL, NULL, NULL, NULL, NULL, 'SPK SPK/202508/012 diajukan oleh Marketing untuk diproses Service.', NULL, 0, '2025-08-18 02:32:15', NULL),
	(14, NULL, NULL, NULL, NULL, NULL, 'SPK SPK/202508/013 diajukan oleh Marketing untuk diproses Service.', NULL, 0, '2025-08-18 02:33:49', NULL),
	(15, NULL, NULL, NULL, NULL, NULL, 'SPK SPK/202508/014 diajukan oleh Marketing untuk diproses Service.', NULL, 0, '2025-08-19 02:48:19', NULL);

-- Dumping structure for table optima_db.notification_logs
CREATE TABLE IF NOT EXISTS `notification_logs` (
  `id_notification` int NOT NULL AUTO_INCREMENT,
  `po_type` enum('unit','attachment','sparepart') NOT NULL,
  `po_id` int NOT NULL,
  `no_po` varchar(100) NOT NULL,
  `notification_type` varchar(100) NOT NULL,
  `message` text NOT NULL,
  `sent_to_division` varchar(100) DEFAULT NULL,
  `status` enum('pending','sent','read') NOT NULL DEFAULT 'pending',
  `created_by` int DEFAULT NULL,
  `created_at` datetime DEFAULT NULL,
  `updated_at` datetime DEFAULT NULL,
  PRIMARY KEY (`id_notification`)
) ENGINE=InnoDB DEFAULT CHARSET=utf8mb4 COLLATE=utf8mb4_0900_ai_ci;

-- Dumping data for table optima_db.notification_logs: ~0 rows (approximately)

-- Dumping structure for table optima_db.permissions
CREATE TABLE IF NOT EXISTS `permissions` (
  `id` int NOT NULL AUTO_INCREMENT,
  `name` varchar(100) COLLATE utf8mb4_unicode_ci NOT NULL,
  `key` varchar(150) COLLATE utf8mb4_unicode_ci NOT NULL,
  `description` text COLLATE utf8mb4_unicode_ci,
  `module` varchar(50) COLLATE utf8mb4_unicode_ci NOT NULL,
  `category` varchar(50) COLLATE utf8mb4_unicode_ci DEFAULT 'general',
  `is_system_permission` tinyint(1) DEFAULT '0',
  `is_active` tinyint(1) DEFAULT '1',
  `created_at` timestamp NULL DEFAULT CURRENT_TIMESTAMP,
  `updated_at` timestamp NULL DEFAULT CURRENT_TIMESTAMP ON UPDATE CURRENT_TIMESTAMP,
  PRIMARY KEY (`id`),
  UNIQUE KEY `key` (`key`),
  KEY `idx_permissions_key` (`key`),
  KEY `idx_permissions_module` (`module`),
  KEY `idx_permissions_category` (`category`),
  KEY `idx_permissions_active` (`is_active`),
  KEY `idx_permissions_module_active` (`module`,`is_active`)
) ENGINE=InnoDB AUTO_INCREMENT=56 DEFAULT CHARSET=utf8mb4 COLLATE=utf8mb4_unicode_ci;

-- Dumping data for table optima_db.permissions: ~50 rows (approximately)
REPLACE INTO `permissions` (`id`, `name`, `key`, `description`, `module`, `category`, `is_system_permission`, `is_active`, `created_at`, `updated_at`) VALUES
	(1, 'Access Administration', 'admin.access', 'Access to administration module', 'admin', 'access', 1, 1, '2025-08-05 07:01:57', '2025-08-05 07:01:57'),
	(2, 'User Management', 'admin.user_management', 'Manage users and their details', 'admin', 'management', 1, 1, '2025-08-05 07:01:57', '2025-08-05 07:01:57'),
	(3, 'Role Management', 'admin.role_management', 'Manage roles and role assignments', 'admin', 'management', 1, 1, '2025-08-05 07:01:57', '2025-08-05 07:01:57'),
	(4, 'Permission Management', 'admin.permission_management', 'Manage permissions and access control', 'admin', 'management', 1, 1, '2025-08-05 07:01:57', '2025-08-05 07:01:57'),
	(5, 'System Settings', 'admin.system_settings', 'Configure system settings', 'admin', 'configuration', 1, 1, '2025-08-05 07:01:57', '2025-08-05 07:01:57'),
	(6, 'Configuration', 'admin.configuration', 'Access system configuration', 'admin', 'configuration', 1, 1, '2025-08-05 07:01:57', '2025-08-05 07:01:57'),
	(7, 'Access Service', 'service.access', 'Access to service division', 'service', 'access', 0, 1, '2025-08-05 07:01:57', '2025-08-05 07:01:57'),
	(8, 'View Work Orders', 'service.work_orders.view', 'View work orders', 'service', 'work_orders', 0, 1, '2025-08-05 07:01:57', '2025-08-05 07:01:57'),
	(9, 'Create Work Orders', 'service.work_orders.create', 'Create new work orders', 'service', 'work_orders', 0, 1, '2025-08-05 07:01:57', '2025-08-05 07:01:57'),
	(10, 'Edit Work Orders', 'service.work_orders.edit', 'Edit existing work orders', 'service', 'work_orders', 0, 1, '2025-08-05 07:01:57', '2025-08-05 07:01:57'),
	(11, 'Delete Work Orders', 'service.work_orders.delete', 'Delete work orders', 'service', 'work_orders', 0, 1, '2025-08-05 07:01:57', '2025-08-05 07:01:57'),
	(12, 'View PMPS', 'service.pmps.view', 'View preventive maintenance schedules', 'service', 'maintenance', 0, 1, '2025-08-05 07:01:57', '2025-08-05 07:01:57'),
	(13, 'Manage PMPS', 'service.pmps.manage', 'Manage preventive maintenance schedules', 'service', 'maintenance', 0, 1, '2025-08-05 07:01:57', '2025-08-05 07:01:57'),
	(14, 'View Inventory', 'service.inventory.view', 'View service inventory', 'service', 'inventory', 0, 1, '2025-08-05 07:01:57', '2025-08-05 07:01:57'),
	(15, 'Manage Inventory', 'service.inventory.manage', 'Manage service inventory', 'service', 'inventory', 0, 1, '2025-08-05 07:01:57', '2025-08-05 07:01:57'),
	(16, 'View Unit Inventory', 'service.unit_inventory.view', 'View unit inventory', 'service', 'inventory', 0, 1, '2025-08-05 07:01:57', '2025-08-05 07:01:57'),
	(17, 'View PDI', 'service.pdi.view', 'View PDI (Pre-Delivery Inspection)', 'service', 'inspection', 0, 1, '2025-08-05 07:01:57', '2025-08-05 07:01:57'),
	(18, 'Manage PDI', 'service.pdi.manage', 'Manage PDI (Pre-Delivery Inspection)', 'service', 'inspection', 0, 1, '2025-08-05 07:01:57', '2025-08-05 07:01:57'),
	(19, 'View Data Unit', 'service.data_unit.view', 'View unit data', 'service', 'data', 0, 1, '2025-08-05 07:01:57', '2025-08-05 07:01:57'),
	(20, 'Manage Data Unit', 'service.data_unit.manage', 'Manage unit data', 'service', 'data', 0, 1, '2025-08-05 07:01:57', '2025-08-05 07:01:57'),
	(21, 'Access Unit Rolling', 'unit_rolling.access', 'Access to unit operational division', 'unit_rolling', 'access', 0, 1, '2025-08-05 07:01:57', '2025-08-05 07:01:57'),
	(22, 'View Delivery Instructions', 'unit_rolling.delivery_instructions.view', 'View delivery instructions', 'unit_rolling', 'delivery', 0, 1, '2025-08-05 07:01:57', '2025-08-05 07:01:57'),
	(23, 'Manage Delivery Instructions', 'unit_rolling.delivery_instructions.manage', 'Manage delivery instructions', 'unit_rolling', 'delivery', 0, 1, '2025-08-05 07:01:57', '2025-08-05 07:01:57'),
	(24, 'View Delivery Unit', 'unit_rolling.delivery_unit.view', 'View delivery units', 'unit_rolling', 'delivery', 0, 1, '2025-08-05 07:01:57', '2025-08-05 07:01:57'),
	(25, 'Manage Delivery Unit', 'unit_rolling.delivery_unit.manage', 'Manage delivery units', 'unit_rolling', 'delivery', 0, 1, '2025-08-05 07:01:57', '2025-08-05 07:01:57'),
	(26, 'View History', 'unit_rolling.history.view', 'View operational history', 'unit_rolling', 'history', 0, 1, '2025-08-05 07:01:57', '2025-08-05 07:01:57'),
	(27, 'Access Marketing', 'marketing.access', 'Access to marketing division', 'marketing', 'access', 0, 1, '2025-08-05 07:01:57', '2025-08-05 07:01:57'),
	(28, 'Create Penawaran', 'marketing.penawaran.create', 'Create quotations', 'marketing', 'sales', 0, 1, '2025-08-05 07:01:57', '2025-08-05 07:01:57'),
	(29, 'View Penawaran', 'marketing.penawaran.view', 'View quotations', 'marketing', 'sales', 0, 1, '2025-08-05 07:01:57', '2025-08-05 07:01:57'),
	(30, 'Manage Kontrak', 'marketing.kontrak.manage', 'Manage contracts and PO', 'marketing', 'contracts', 0, 1, '2025-08-05 07:01:57', '2025-08-05 07:01:57'),
	(31, 'View List Unit', 'marketing.list_unit.view', 'View unit listings', 'marketing', 'inventory', 0, 1, '2025-08-05 07:01:57', '2025-08-05 07:01:57'),
	(32, 'Manage List Unit', 'marketing.list_unit.manage', 'Manage unit listings', 'marketing', 'inventory', 0, 1, '2025-08-05 07:01:57', '2025-08-05 07:01:57'),
	(33, 'Access Warehouse', 'warehouse.access', 'Access to warehouse division', 'warehouse', 'access', 0, 1, '2025-08-05 07:01:57', '2025-08-05 07:01:57'),
	(34, 'Manage Assets', 'warehouse.assets.manage', 'Manage unit assets', 'warehouse', 'assets', 0, 1, '2025-08-05 07:01:57', '2025-08-05 07:01:57'),
	(35, 'View Inventory', 'warehouse.inventory.view', 'View warehouse inventory', 'warehouse', 'inventory', 0, 1, '2025-08-05 07:01:57', '2025-08-05 07:01:57'),
	(36, 'Manage Inventory', 'warehouse.inventory.manage', 'Manage warehouse inventory', 'warehouse', 'inventory', 0, 1, '2025-08-05 07:01:57', '2025-08-05 07:01:57'),
	(37, 'Verify PO', 'warehouse.po.verify', 'Verify purchase orders', 'warehouse', 'purchasing', 0, 1, '2025-08-05 07:01:57', '2025-08-05 07:01:57'),
	(38, 'Access Purchasing', 'purchasing.access', 'Access to purchasing division', 'purchasing', 'access', 0, 1, '2025-08-05 07:01:57', '2025-08-05 07:01:57'),
	(39, 'Manage Purchasing', 'purchasing.manage', 'Manage purchase orders and procurement', 'purchasing', 'procurement', 0, 1, '2025-08-05 07:01:57', '2025-08-05 07:01:57'),
	(40, 'Create PO', 'purchasing.po.create', 'Create purchase orders', 'purchasing', 'procurement', 0, 1, '2025-08-05 07:01:57', '2025-08-05 07:01:57'),
	(41, 'Approve PO', 'purchasing.po.approve', 'Approve purchase orders', 'purchasing', 'procurement', 0, 1, '2025-08-05 07:01:57', '2025-08-05 07:01:57'),
	(42, 'Access Perizinan', 'perizinan.access', 'Access to licensing division', 'perizinan', 'access', 0, 1, '2025-08-05 07:01:57', '2025-08-05 07:01:57'),
	(43, 'Manage Perizinan', 'perizinan.manage', 'Manage permits and licenses', 'perizinan', 'licensing', 0, 1, '2025-08-05 07:01:57', '2025-08-05 07:01:57'),
	(44, 'Create SIO', 'perizinan.sio.create', 'Create operator licenses', 'perizinan', 'licensing', 0, 1, '2025-08-05 07:01:57', '2025-08-05 07:01:57'),
	(45, 'Create SILO', 'perizinan.silo.create', 'Create operational worthiness certificates', 'perizinan', 'licensing', 0, 1, '2025-08-05 07:01:57', '2025-08-05 07:01:57'),
	(46, 'Access Accounting', 'accounting.access', 'Access to accounting division', 'accounting', 'access', 0, 1, '2025-08-05 07:01:57', '2025-08-05 07:01:57'),
	(47, 'View Finance', 'finance.view', 'View financial data', 'accounting', 'finance', 0, 1, '2025-08-05 07:01:57', '2025-08-05 07:01:57'),
	(48, 'Manage Finance', 'finance.manage', 'Manage financial data', 'accounting', 'finance', 0, 1, '2025-08-05 07:01:57', '2025-08-05 07:01:57'),
	(49, 'View Invoices', 'invoices.view', 'View invoices', 'accounting', 'invoicing', 0, 1, '2025-08-05 07:01:57', '2025-08-05 07:01:57'),
	(50, 'Manage Invoices', 'invoices.manage', 'Manage invoices', 'accounting', 'invoicing', 0, 1, '2025-08-05 07:01:57', '2025-08-05 07:01:57'),
	(52, 'View SPK', 'service.spk.view', '', 'service', 'access', 0, 1, '2025-08-07 03:52:37', '2025-08-07 06:41:57'),
	(53, 'SPK Edit', 'marketing.spk.manage', '', 'marketing', 'general', 0, 1, '2025-08-07 06:52:21', '2025-08-07 06:52:21'),
	(54, 'Marketing DI Manage', 'marketing.di.manage', '', 'marketing', 'general', 0, 1, '2025-08-07 06:52:51', '2025-08-07 06:52:51'),
	(55, 'Service Spk Manage', 'service.spk.manage', '', 'service', 'general', 0, 1, '2025-08-07 07:26:34', '2025-08-07 07:26:34');

-- Dumping structure for table optima_db.po_items
CREATE TABLE IF NOT EXISTS `po_items` (
  `id_po_item` int NOT NULL AUTO_INCREMENT,
  `po_id` int NOT NULL,
  `item_type` enum('Attachment','Battery') CHARACTER SET utf8mb4 COLLATE utf8mb4_0900_ai_ci NOT NULL,
  `attachment_id` int DEFAULT NULL,
  `baterai_id` int DEFAULT NULL,
  `charger_id` int DEFAULT NULL,
  `serial_number` varchar(100) CHARACTER SET utf8mb4 COLLATE utf8mb4_0900_ai_ci DEFAULT NULL,
  `serial_number_charger` varchar(100) CHARACTER SET utf8mb4 COLLATE utf8mb4_0900_ai_ci DEFAULT NULL,
  `keterangan` text CHARACTER SET utf8mb4 COLLATE utf8mb4_0900_ai_ci,
  `status_verifikasi` enum('Belum Dicek','Sesuai','Tidak Sesuai') CHARACTER SET utf8mb4 COLLATE utf8mb4_0900_ai_ci NOT NULL DEFAULT 'Belum Dicek',
  `catatan_verifikasi` text CHARACTER SET utf8mb4 COLLATE utf8mb4_0900_ai_ci,
  `created_at` timestamp NOT NULL DEFAULT CURRENT_TIMESTAMP,
  `updated_at` timestamp NOT NULL DEFAULT CURRENT_TIMESTAMP ON UPDATE CURRENT_TIMESTAMP,
  PRIMARY KEY (`id_po_item`) USING BTREE,
  KEY `idx_po_id` (`po_id`) USING BTREE,
  KEY `idx_attachment_id` (`attachment_id`) USING BTREE,
  KEY `idx_baterai_id` (`baterai_id`) USING BTREE,
  KEY `idx_charger_id` (`charger_id`) USING BTREE,
  CONSTRAINT `fk_poitem_baterai` FOREIGN KEY (`baterai_id`) REFERENCES `baterai` (`id`) ON DELETE SET NULL ON UPDATE CASCADE,
  CONSTRAINT `fk_poitem_charger` FOREIGN KEY (`charger_id`) REFERENCES `charger` (`id_charger`) ON DELETE SET NULL ON UPDATE CASCADE,
  CONSTRAINT `fk_poitem_po` FOREIGN KEY (`po_id`) REFERENCES `purchase_orders` (`id_po`) ON DELETE RESTRICT ON UPDATE CASCADE
) ENGINE=InnoDB AUTO_INCREMENT=84 DEFAULT CHARSET=utf8mb4 COLLATE=utf8mb4_0900_ai_ci;

-- Dumping data for table optima_db.po_items: ~27 rows (approximately)
REPLACE INTO `po_items` (`id_po_item`, `po_id`, `item_type`, `attachment_id`, `baterai_id`, `charger_id`, `serial_number`, `serial_number_charger`, `keterangan`, `status_verifikasi`, `catatan_verifikasi`, `created_at`, `updated_at`) VALUES
	(2, 27, 'Battery', NULL, 2, 3, '', '', '', 'Sesuai', '', '2025-07-22 00:29:20', '2025-07-23 21:33:15'),
	(3, 27, 'Battery', NULL, 2, 3, '123123', '123123', '', 'Sesuai', '', '2025-07-22 00:29:20', '2025-07-23 21:33:44'),
	(4, 27, 'Battery', NULL, 2, 3, '', '', '', '', '', '2025-07-22 00:29:20', '2025-07-23 21:33:17'),
	(5, 27, 'Battery', NULL, 2, 3, '123123', '123123', '', 'Sesuai', '', '2025-07-22 00:29:20', '2025-07-23 21:33:52'),
	(6, 27, 'Battery', NULL, 2, 3, '123123', '123123', '', 'Sesuai', '', '2025-07-22 00:29:20', '2025-07-23 21:33:57'),
	(7, 27, 'Battery', NULL, 2, 3, '123123', '123123', '', 'Sesuai', '', '2025-07-22 00:29:20', '2025-07-23 21:34:03'),
	(8, 27, 'Battery', NULL, 2, 3, '123123', '123123', '', 'Sesuai', '', '2025-07-22 00:29:20', '2025-07-23 21:34:11'),
	(9, 27, 'Battery', NULL, 2, 3, '123123', '123123', '', 'Sesuai', '', '2025-07-22 00:29:20', '2025-07-23 21:34:16'),
	(10, 27, 'Battery', NULL, 2, 3, '123123', '123123', '', 'Sesuai', '', '2025-07-22 00:29:20', '2025-07-23 21:34:21'),
	(11, 27, 'Battery', NULL, 2, 3, '123123', '123123', '', 'Sesuai', '', '2025-07-22 00:29:20', '2025-07-23 21:34:26'),
	(22, 36, 'Attachment', 3, NULL, NULL, '11123', '', '', 'Sesuai', '', '2025-07-23 21:08:34', '2025-07-23 23:29:16'),
	(23, 37, 'Attachment', 5, NULL, NULL, '', '', '', 'Sesuai', '', '2025-07-23 23:32:28', '2025-07-23 23:32:57'),
	(24, 37, 'Attachment', 5, NULL, NULL, 'ok', NULL, '', 'Sesuai', '', '2025-07-23 23:32:28', '2025-07-26 01:30:35'),
	(25, 37, 'Attachment', 5, NULL, NULL, 'ok', NULL, '', 'Sesuai', '', '2025-07-23 23:32:28', '2025-07-26 01:37:44'),
	(26, 37, 'Attachment', 5, NULL, NULL, 'test4', NULL, '', 'Sesuai', '', '2025-07-23 23:32:28', '2025-08-11 21:54:35'),
	(27, 37, 'Attachment', 5, NULL, NULL, 'wae', NULL, '', 'Sesuai', '', '2025-07-23 23:32:28', '2025-08-11 23:44:51'),
	(73, 89, 'Attachment', 2, NULL, NULL, '', NULL, '', 'Belum Dicek', NULL, '2025-07-29 19:35:23', '2025-07-29 19:35:23'),
	(74, 92, 'Attachment', 2, NULL, NULL, NULL, NULL, '', 'Belum Dicek', NULL, '2025-07-29 19:49:08', '2025-07-29 19:49:08'),
	(75, 92, 'Battery', 2, 4, 4, NULL, NULL, '', 'Belum Dicek', NULL, '2025-07-29 19:49:08', '2025-07-29 19:49:08'),
	(76, 95, 'Battery', NULL, 14, 15, NULL, NULL, '', 'Belum Dicek', NULL, '2025-07-31 21:22:10', '2025-07-31 21:22:10'),
	(77, 95, 'Attachment', 13, 14, 15, NULL, NULL, '', 'Belum Dicek', NULL, '2025-07-31 21:22:10', '2025-07-31 21:22:10'),
	(78, 118, 'Attachment', 1, NULL, NULL, NULL, NULL, '', 'Belum Dicek', NULL, '2025-08-11 18:59:05', '2025-08-11 18:59:05'),
	(79, 124, 'Attachment', 4, NULL, NULL, NULL, NULL, '', 'Belum Dicek', NULL, '2025-08-11 20:15:49', '2025-08-11 20:15:49'),
	(80, 130, 'Attachment', 3, NULL, NULL, NULL, NULL, '', 'Belum Dicek', NULL, '2025-08-11 20:27:06', '2025-08-11 20:27:06'),
	(81, 131, 'Attachment', 3, NULL, NULL, NULL, NULL, '', 'Belum Dicek', NULL, '2025-08-11 20:27:13', '2025-08-11 20:27:13'),
	(82, 132, 'Battery', NULL, 14, 14, NULL, NULL, '', 'Belum Dicek', NULL, '2025-08-11 20:27:48', '2025-08-11 20:27:48'),
	(83, 139, 'Attachment', 3, NULL, NULL, NULL, NULL, '', 'Belum Dicek', NULL, '2025-08-11 21:06:47', '2025-08-11 21:06:47');

-- Dumping structure for table optima_db.po_sparepart_items
CREATE TABLE IF NOT EXISTS `po_sparepart_items` (
  `id` int NOT NULL AUTO_INCREMENT,
  `po_id` int NOT NULL,
  `sparepart_id` int NOT NULL,
  `qty` int NOT NULL DEFAULT '1',
  `satuan` enum('Pieces','Rol','Kaleng','Set','Pak','Meter','Unit','Jerigen','Lembar','Box','Pax','Drum','Batang','Pil','Dus','Kilogram','Botol','IBC Tank','Lusin','Liter','Lot') COLLATE utf8mb4_general_ci NOT NULL,
  `keterangan` text COLLATE utf8mb4_general_ci,
  `status_verifikasi` enum('Belum Dicek','Sesuai','Tidak Sesuai') COLLATE utf8mb4_general_ci NOT NULL DEFAULT 'Belum Dicek',
  `catatan_verifikasi` text COLLATE utf8mb4_general_ci,
  PRIMARY KEY (`id`),
  KEY `fk_posparepart_po` (`po_id`),
  KEY `fk_posparepart_sparepart` (`sparepart_id`),
  CONSTRAINT `fk_posparepart_po` FOREIGN KEY (`po_id`) REFERENCES `purchase_orders` (`id_po`) ON DELETE CASCADE ON UPDATE CASCADE,
  CONSTRAINT `fk_posparepart_sparepart` FOREIGN KEY (`sparepart_id`) REFERENCES `sparepart` (`id_sparepart`) ON DELETE CASCADE ON UPDATE CASCADE
) ENGINE=InnoDB AUTO_INCREMENT=51 DEFAULT CHARSET=utf8mb4 COLLATE=utf8mb4_general_ci;

-- Dumping data for table optima_db.po_sparepart_items: ~16 rows (approximately)
REPLACE INTO `po_sparepart_items` (`id`, `po_id`, `sparepart_id`, `qty`, `satuan`, `keterangan`, `status_verifikasi`, `catatan_verifikasi`) VALUES
	(14, 35, 5, 1, 'Pieces', '', 'Sesuai', ''),
	(15, 35, 23, 1, 'Pieces', '', 'Tidak Sesuai', ''),
	(16, 35, 33, 1, 'Pieces', '', 'Sesuai', ''),
	(17, 40, 3, 1, 'Pieces', '', 'Sesuai', NULL),
	(18, 40, 4, 1, 'Pieces', '', 'Sesuai', NULL),
	(19, 40, 28, 1, 'Pieces', '', 'Sesuai', NULL),
	(20, 40, 47, 1, 'Pieces', '', 'Sesuai', NULL),
	(35, 85, 1, 1, 'Pieces', '', 'Sesuai', ''),
	(36, 85, 3, 1, 'Kaleng', '', 'Belum Dicek', NULL),
	(37, 88, 3, 1, 'Pieces', '', 'Belum Dicek', NULL),
	(38, 96, 3, 1, 'Pieces', '', 'Belum Dicek', NULL),
	(39, 119, 1, 1, 'Pieces', '', 'Belum Dicek', NULL),
	(40, 125, 3, 1, 'Pieces', '', 'Belum Dicek', NULL),
	(48, 137, 3, 1, 'Pieces', '', 'Belum Dicek', NULL),
	(49, 140, 30, 1, 'Pieces', '', 'Belum Dicek', NULL),
	(50, 141, 4, 1, 'Pieces', '', 'Belum Dicek', NULL);

-- Dumping structure for table optima_db.po_units
CREATE TABLE IF NOT EXISTS `po_units` (
  `id_po_unit` int NOT NULL AUTO_INCREMENT,
  `created_at` timestamp NULL DEFAULT NULL,
  `updated_at` timestamp NULL DEFAULT NULL,
  `po_id` int NOT NULL,
  `jenis_unit` int DEFAULT NULL,
  `status_verifikasi` enum('Belum Dicek','Sesuai','Tidak Sesuai') NOT NULL DEFAULT 'Belum Dicek',
  `merk_unit` int DEFAULT NULL,
  `model_unit_id` int DEFAULT NULL,
  `tipe_unit_id` int DEFAULT NULL,
  `serial_number_po` varchar(100) DEFAULT NULL,
  `tahun_po` int DEFAULT NULL,
  `kapasitas_id` int DEFAULT NULL,
  `mast_id` int DEFAULT NULL,
  `sn_mast_po` varchar(100) DEFAULT NULL,
  `mesin_id` int DEFAULT NULL,
  `sn_mesin_po` varchar(100) DEFAULT NULL,
  `attachment_id` int DEFAULT NULL,
  `sn_attachment_po` varchar(100) DEFAULT NULL,
  `baterai_id` int DEFAULT NULL,
  `sn_baterai_po` varchar(100) DEFAULT NULL,
  `charger_id` int DEFAULT NULL,
  `sn_charger_po` varchar(100) DEFAULT NULL,
  `ban_id` int DEFAULT NULL,
  `roda_id` int DEFAULT NULL,
  `valve_id` int DEFAULT NULL,
  `status_penjualan` enum('Baru','Bekas','Rekondisi') DEFAULT NULL,
  `keterangan` text,
  PRIMARY KEY (`id_po_unit`),
  KEY `fk_pounit_po_final` (`po_id`),
  KEY `fk_pounit_model_final` (`model_unit_id`),
  KEY `fk_pounit_tipe_final` (`tipe_unit_id`),
  KEY `fk_pounit_kapasitas_final` (`kapasitas_id`),
  KEY `fk_pounit_mast_final` (`mast_id`),
  KEY `fk_pounit_ban_final` (`ban_id`),
  KEY `fk_pounit_roda_final` (`roda_id`),
  KEY `fk_pounit_valve_final` (`valve_id`),
  KEY `fk_id_dept_po_units` (`jenis_unit`),
  KEY `fk_id_mesin_po_units` (`mesin_id`),
  KEY `fk_id_attachment_po_units` (`attachment_id`),
  KEY `fk_pounit_merk_unit` (`merk_unit`),
  CONSTRAINT `fk_id_dept_po_units` FOREIGN KEY (`jenis_unit`) REFERENCES `departemen` (`id_departemen`) ON DELETE SET NULL ON UPDATE RESTRICT,
  CONSTRAINT `fk_id_mesin_po_units` FOREIGN KEY (`mesin_id`) REFERENCES `mesin` (`id`) ON DELETE SET NULL ON UPDATE RESTRICT,
  CONSTRAINT `fk_pounit_ban_final` FOREIGN KEY (`ban_id`) REFERENCES `tipe_ban` (`id_ban`),
  CONSTRAINT `fk_pounit_kapasitas_final` FOREIGN KEY (`kapasitas_id`) REFERENCES `kapasitas` (`id_kapasitas`),
  CONSTRAINT `fk_pounit_mast_final` FOREIGN KEY (`mast_id`) REFERENCES `tipe_mast` (`id_mast`),
  CONSTRAINT `fk_pounit_merk_unit` FOREIGN KEY (`merk_unit`) REFERENCES `model_unit` (`id_model_unit`) ON DELETE CASCADE ON UPDATE CASCADE,
  CONSTRAINT `fk_pounit_model_final` FOREIGN KEY (`model_unit_id`) REFERENCES `model_unit` (`id_model_unit`),
  CONSTRAINT `fk_pounit_po_final` FOREIGN KEY (`po_id`) REFERENCES `purchase_orders` (`id_po`) ON DELETE RESTRICT ON UPDATE RESTRICT,
  CONSTRAINT `fk_pounit_roda_final` FOREIGN KEY (`roda_id`) REFERENCES `jenis_roda` (`id_roda`),
  CONSTRAINT `fk_pounit_valve_final` FOREIGN KEY (`valve_id`) REFERENCES `valve` (`id_valve`)
) ENGINE=InnoDB AUTO_INCREMENT=261 DEFAULT CHARSET=utf8mb4 COLLATE=utf8mb4_0900_ai_ci;

-- Dumping data for table optima_db.po_units: ~128 rows (approximately)
REPLACE INTO `po_units` (`id_po_unit`, `created_at`, `updated_at`, `po_id`, `jenis_unit`, `status_verifikasi`, `merk_unit`, `model_unit_id`, `tipe_unit_id`, `serial_number_po`, `tahun_po`, `kapasitas_id`, `mast_id`, `sn_mast_po`, `mesin_id`, `sn_mesin_po`, `attachment_id`, `sn_attachment_po`, `baterai_id`, `sn_baterai_po`, `charger_id`, `sn_charger_po`, `ban_id`, `roda_id`, `valve_id`, `status_penjualan`, `keterangan`) VALUES
	(1, NULL, '2025-07-21 01:31:15', 2, 1, 'Sesuai', NULL, 3, 3, '123123', 2019, 11, 6, '123', 1, '1', 12, '123', 123, '123', 123, '13', 5, 4, 3, NULL, NULL),
	(2, NULL, '2025-07-21 01:31:17', 1, 2, 'Sesuai', NULL, 1, 4, '12331233', 2025, 14, 2, '123', 1, '1', 1, '1', 123, '123', 123, '123', 6, 3, 3, NULL, NULL),
	(42, '2025-07-20 17:00:00', '2025-07-21 01:32:16', 23, 1, 'Sesuai', 1, 1, 1, 'TEST1234123', 2025, 2, 1, '111231451523123', 1, '15235123124512321', 1, '512512312312512315123', 1, '11112455512314123', 1, 'asdafasdadasdsafasd', 1, 1, 1, 'Baru', 'NIM : 312410362Nama : Abdul Malik IbrahimKehadiran : Hadir'),
	(43, '2025-07-20 17:00:00', '2025-07-21 01:32:17', 23, 1, 'Sesuai', 1, 1, 1, 'TEST1234123', 2025, 2, 1, '111231451523123', 1, '15235123124512321', 1, '512512312312512315123', 1, '11112455512314123', 1, 'asdafasdadasdsafasd', 1, 1, 1, 'Baru', 'NIM : 312410362Nama : Abdul Malik IbrahimKehadiran : Hadir'),
	(44, '2025-07-20 17:00:00', '2025-07-30 20:31:48', 23, 1, 'Sesuai', 1, 1, 1, '123', 2025, 2, 1, '123', 1, '123', 1, '512512312312512315123', 1, '123', 1, 'asdafasdadasdsafasd', 1, 1, 1, 'Baru', 'NIM : 312410362Nama : Abdul Malik IbrahimKehadiran : Hadir'),
	(45, '2025-07-20 17:00:00', '2025-07-21 01:32:19', 23, 1, 'Sesuai', 1, 1, 1, 'TEST1234123', 2025, 2, 1, '111231451523123', 1, '15235123124512321', 1, '512512312312512315123', 1, '11112455512314123', 1, 'asdafasdadasdsafasd', 1, 1, 1, 'Baru', 'NIM : 312410362Nama : Abdul Malik IbrahimKehadiran : Hadir'),
	(46, '2025-07-20 17:00:00', '2025-07-21 01:32:20', 23, 1, 'Sesuai', 1, 1, 1, 'TEST1234123', 2025, 2, 1, '111231451523123', 1, '15235123124512321', 1, '512512312312512315123', 1, '11112455512314123', 1, 'asdafasdadasdsafasd', 1, 1, 1, 'Baru', 'NIM : 312410362Nama : Abdul Malik IbrahimKehadiran : Hadir'),
	(47, '2025-07-20 17:00:00', '2025-07-21 01:32:35', 23, 1, 'Sesuai', 1, 1, 1, 'TEST1234123', 2025, 2, 1, '111231451523123', 1, '15235123124512321', 1, '512512312312512315123', 1, '11112455512314123', 1, 'asdafasdadasdsafasd', 1, 1, 1, 'Baru', 'NIM : 312410362Nama : Abdul Malik IbrahimKehadiran : Hadir'),
	(48, '2025-07-20 17:00:00', '2025-07-21 01:32:36', 23, 1, 'Sesuai', 1, 1, 1, 'TEST1234123', 2025, 2, 1, '111231451523123', 1, '15235123124512321', 1, '512512312312512315123', 1, '11112455512314123', 1, 'asdafasdadasdsafasd', 1, 1, 1, 'Baru', 'NIM : 312410362Nama : Abdul Malik IbrahimKehadiran : Hadir'),
	(49, '2025-07-20 17:00:00', '2025-07-21 01:32:37', 23, 1, 'Sesuai', 1, 1, 1, 'TEST1234123', 2025, 2, 1, '111231451523123', 1, '15235123124512321', 1, '512512312312512315123', 1, '11112455512314123', 1, 'asdafasdadasdsafasd', 1, 1, 1, 'Baru', 'NIM : 312410362Nama : Abdul Malik IbrahimKehadiran : Hadir'),
	(50, '2025-07-20 17:00:00', '2025-07-21 01:32:38', 23, 1, 'Sesuai', 1, 1, 1, 'TEST1234123', 2025, 2, 1, '111231451523123', 1, '15235123124512321', 1, '512512312312512315123', 1, '11112455512314123', 1, 'asdafasdadasdsafasd', 1, 1, 1, 'Baru', 'NIM : 312410362Nama : Abdul Malik IbrahimKehadiran : Hadir'),
	(51, '2025-07-20 17:00:00', '2025-07-21 01:32:39', 23, 1, 'Sesuai', 1, 1, 1, 'TEST1234123', 2025, 2, 1, '111231451523123', 1, '15235123124512321', 1, '512512312312512315123', 1, '11112455512314123', 1, 'asdafasdadasdsafasd', 1, 1, 1, 'Baru', 'NIM : 312410362Nama : Abdul Malik IbrahimKehadiran : Hadir'),
	(52, '2025-07-20 17:00:00', '2025-07-21 01:32:50', 23, 1, 'Sesuai', 1, 1, 1, 'TEST1234123', 2025, 2, 1, '111231451523123', 1, '15235123124512321', 1, '512512312312512315123', 1, '11112455512314123', 1, 'asdafasdadasdsafasd', 1, 1, 1, 'Baru', 'NIM : 312410362Nama : Abdul Malik IbrahimKehadiran : Hadir'),
	(53, '2025-07-20 17:00:00', '2025-07-21 01:32:51', 23, 1, 'Sesuai', 1, 1, 1, 'TEST1234123', 2025, 2, 1, '111231451523123', 1, '15235123124512321', 1, '512512312312512315123', 1, '11112455512314123', 1, 'asdafasdadasdsafasd', 1, 1, 1, 'Baru', 'NIM : 312410362Nama : Abdul Malik IbrahimKehadiran : Hadir'),
	(54, '2025-07-20 17:00:00', '2025-07-21 01:32:52', 23, 1, 'Sesuai', 1, 1, 1, 'TEST1234123', 2025, 2, 1, '111231451523123', 1, '15235123124512321', 1, '512512312312512315123', 1, '11112455512314123', 1, 'asdafasdadasdsafasd', 1, 1, 1, 'Baru', 'NIM : 312410362Nama : Abdul Malik IbrahimKehadiran : Hadir'),
	(55, '2025-07-20 19:56:41', '2025-07-21 01:33:04', 24, 2, 'Sesuai', 60, 66, 4, 'TEST12341234', 2025, 24, 3, '1112314515231233', 4, '1523512312451232112', 3, '5125123123125123151232', 4, '11112455512314123', 4, 'asdafasdadasdsafasd', 3, 2, 3, 'Baru', 'Hadir'),
	(56, '2025-07-20 19:56:41', '2025-07-21 01:33:05', 24, 2, 'Sesuai', 60, 66, 4, 'TEST12341234', 2025, 24, 3, '1112314515231233', 4, '1523512312451232112', 3, '5125123123125123151232', 4, '11112455512314123', 4, 'asdafasdadasdsafasd', 3, 2, 3, 'Baru', 'Hadir'),
	(57, '2025-07-20 19:56:41', '2025-07-21 01:33:06', 24, 2, 'Sesuai', 60, 66, 4, 'TEST12341234', 2025, 24, 3, '1112314515231233', 4, '1523512312451232112', 3, '5125123123125123151232', 4, '11112455512314123', 4, 'asdafasdadasdsafasd', 3, 2, 3, 'Baru', 'Hadir'),
	(58, '2025-07-21 07:14:31', '2025-07-25 19:49:17', 25, 1, 'Sesuai', 4, 9, 12, '123', 2025, 47, 2, '123', 1, '123', 1, '', 1, '123', 2, '', 1, 1, 3, 'Baru', ''),
	(59, '2025-07-21 07:14:31', '2025-07-24 18:25:37', 25, 1, 'Sesuai', 4, 9, 12, '123', 2025, 47, 2, NULL, 1, '123', 1, '', 1, '123', 2, '', 1, 1, 3, 'Baru', ''),
	(60, '2025-07-21 07:14:31', '2025-07-24 19:40:51', 25, 1, 'Sesuai', 4, 9, 12, '123', 2025, 47, 2, '123', 1, '123', 1, '', 1, '123', 2, '', 1, 1, 3, 'Baru', ''),
	(61, '2025-07-21 07:14:31', '2025-07-24 20:32:34', 25, 1, 'Sesuai', 4, 9, 12, '123', 2025, 47, 2, '123', 1, '123', 1, '', 1, '123', 2, '', 1, 1, 3, 'Baru', ''),
	(62, '2025-07-21 07:14:31', '2025-07-25 20:14:26', 25, 1, 'Sesuai', 4, 9, 12, '123', 2025, 47, 2, '123', 1, '123', 1, '', 1, '123', 2, '', 1, 1, 3, 'Baru', ''),
	(63, '2025-07-21 07:14:31', '2025-07-25 19:10:11', 25, 1, 'Sesuai', 4, 9, 12, '123', 2025, 47, 2, '123', 1, '123', 1, '', 1, '123', 2, '', 1, 1, 3, 'Baru', ''),
	(64, '2025-07-21 07:14:31', '2025-07-25 21:00:44', 25, 1, 'Sesuai', 4, 9, 12, '123', 2025, 47, 2, '123', 1, '123', 1, '', 1, '123', 2, '', 1, 1, 3, 'Baru', ''),
	(65, '2025-07-21 07:14:31', '2025-07-25 23:29:31', 25, 1, 'Sesuai', 4, 9, 12, '123a', 2025, 47, 2, '123a', 1, '123a', 1, '', 1, '123a', 2, '', 1, 1, 3, 'Baru', ''),
	(66, '2025-07-21 07:14:31', '2025-07-25 19:36:11', 25, 1, 'Sesuai', 4, 9, 12, '132', 2025, 47, 2, '123', 1, '123', 1, '', 1, '123', 2, '', 1, 1, 3, 'Baru', ''),
	(67, '2025-07-21 07:14:31', '2025-08-03 20:06:17', 25, 1, 'Sesuai', 4, 9, 12, '123', 2025, 47, 2, '123', 1, '123', 1, '', 1, '123', 2, '', 1, 1, 3, 'Baru', ''),
	(68, '2025-07-23 23:58:46', '2025-08-03 20:07:12', 38, 3, 'Sesuai', 4, 6, 12, '123', 2025, 6, 2, '123', 2, '123', 2, NULL, 2, '123', 6, NULL, 1, 2, 3, 'Baru', ''),
	(81, '2025-07-24 01:33:02', '2025-07-24 01:33:02', 39, 2, 'Belum Dicek', 1, 1, 2, NULL, 2025, 3, 1, NULL, 3, NULL, NULL, NULL, 6, NULL, NULL, NULL, 3, 1, 1, 'Baru', ''),
	(82, '2025-07-24 01:33:02', '2025-07-24 01:33:02', 39, 2, 'Belum Dicek', 1, 1, 2, NULL, 2025, 3, 1, NULL, 3, NULL, NULL, NULL, 6, NULL, NULL, NULL, 3, 1, 1, 'Baru', ''),
	(83, '2025-07-25 18:44:44', '2025-07-25 18:44:44', 44, 1, 'Belum Dicek', 4, 5, 12, NULL, 2025, 27, 2, NULL, 2, NULL, NULL, NULL, 0, NULL, NULL, NULL, 1, 2, 3, 'Baru', ''),
	(84, '2025-07-25 18:44:44', '2025-07-25 18:44:44', 44, 1, 'Belum Dicek', 4, 5, 12, NULL, 2025, 27, 2, NULL, 2, NULL, NULL, NULL, 0, NULL, NULL, NULL, 1, 2, 3, 'Baru', ''),
	(85, '2025-07-25 18:44:44', '2025-07-25 18:44:44', 44, 1, 'Belum Dicek', 4, 5, 12, NULL, 2025, 27, 2, NULL, 2, NULL, NULL, NULL, 0, NULL, NULL, NULL, 1, 2, 3, 'Baru', ''),
	(86, '2025-07-25 18:44:44', '2025-07-25 18:44:44', 44, 1, 'Belum Dicek', 4, 5, 12, NULL, 2025, 27, 2, NULL, 2, NULL, NULL, NULL, 0, NULL, NULL, NULL, 1, 2, 3, 'Baru', ''),
	(87, '2025-07-25 18:44:44', '2025-07-25 18:44:44', 44, 1, 'Belum Dicek', 4, 5, 12, NULL, 2025, 27, 2, NULL, 2, NULL, NULL, NULL, 0, NULL, NULL, NULL, 1, 2, 3, 'Baru', ''),
	(89, '2025-07-25 23:53:49', '2025-07-25 23:54:27', 46, 2, 'Sesuai', 499, 501, 13, 'PO/SPRT/9923100', 2025, 37, 4, 'PO/SPRT/9923100', 3, 'PO/SPRT/9923100', NULL, NULL, 16, 'PO/SPRT/9923100', NULL, NULL, 4, 2, 3, 'Baru', NULL),
	(92, '2025-07-29 00:03:39', '2025-07-29 00:03:39', 52, 2, 'Belum Dicek', 1, 1, 2, NULL, 2025, 5, 3, NULL, 3, NULL, NULL, NULL, 3, NULL, NULL, NULL, 2, 1, 2, 'Baru', NULL),
	(93, '2025-07-29 00:03:39', '2025-07-29 00:03:39', 52, 2, 'Belum Dicek', 1, 1, 2, NULL, 2025, 5, 3, NULL, 3, NULL, NULL, NULL, 3, NULL, NULL, NULL, 2, 1, 2, 'Baru', NULL),
	(94, '2025-07-29 00:03:39', '2025-07-29 00:03:39', 52, 2, 'Belum Dicek', 1, 1, 2, NULL, 2025, 5, 3, NULL, 3, NULL, NULL, NULL, 3, NULL, NULL, NULL, 2, 1, 2, 'Baru', NULL),
	(95, '2025-07-29 00:03:39', '2025-07-29 00:03:39', 52, 2, 'Belum Dicek', 1, 1, 2, NULL, 2025, 5, 3, NULL, 3, NULL, NULL, NULL, 3, NULL, NULL, NULL, 2, 1, 2, 'Baru', NULL),
	(96, '2025-07-29 00:03:39', '2025-07-29 00:03:39', 52, 2, 'Belum Dicek', 1, 1, 2, NULL, 2025, 5, 3, NULL, 3, NULL, NULL, NULL, 3, NULL, NULL, NULL, 2, 1, 2, 'Baru', NULL),
	(97, '2025-07-29 00:03:39', '2025-07-29 00:03:39', 52, 2, 'Belum Dicek', 1, 1, 2, NULL, 2025, 5, 3, NULL, 3, NULL, NULL, NULL, 3, NULL, NULL, NULL, 2, 1, 2, 'Baru', NULL),
	(98, '2025-07-29 00:03:39', '2025-07-29 00:03:39', 52, 2, 'Belum Dicek', 1, 1, 2, NULL, 2025, 5, 3, NULL, 3, NULL, NULL, NULL, 3, NULL, NULL, NULL, 2, 1, 2, 'Baru', NULL),
	(99, '2025-07-29 00:03:39', '2025-07-29 00:03:39', 52, 2, 'Belum Dicek', 1, 1, 2, NULL, 2025, 5, 3, NULL, 3, NULL, NULL, NULL, 3, NULL, NULL, NULL, 2, 1, 2, 'Baru', NULL),
	(100, '2025-07-29 00:03:39', '2025-07-29 00:03:39', 52, 2, 'Belum Dicek', 1, 1, 2, NULL, 2025, 5, 3, NULL, 3, NULL, NULL, NULL, 3, NULL, NULL, NULL, 2, 1, 2, 'Baru', NULL),
	(101, '2025-07-29 00:28:01', '2025-07-29 00:28:01', 58, 2, 'Belum Dicek', 4, NULL, NULL, NULL, 2025, NULL, NULL, NULL, NULL, NULL, NULL, NULL, NULL, NULL, NULL, NULL, NULL, NULL, NULL, 'Baru', NULL),
	(102, '2025-07-29 01:44:12', '2025-07-29 01:44:12', 65, 2, 'Belum Dicek', 2, 3, 3, NULL, 2025, 4, 4, NULL, 4, NULL, NULL, NULL, NULL, NULL, NULL, NULL, 4, 4, 3, 'Baru', ''),
	(103, '2025-07-29 01:45:56', '2025-07-29 01:45:56', 66, 2, 'Belum Dicek', 38, 38, 1, NULL, 2025, 2, 5, NULL, 6, NULL, NULL, NULL, NULL, NULL, NULL, NULL, 5, 4, 3, 'Baru', ''),
	(104, '2025-07-29 01:45:56', '2025-07-29 01:45:56', 66, 2, 'Belum Dicek', 4, 7, 1, NULL, 2025, 2, 5, NULL, 6, NULL, NULL, NULL, NULL, NULL, NULL, NULL, 5, 4, 3, 'Baru', ''),
	(105, '2025-07-29 01:59:17', '2025-07-29 01:59:17', 67, 2, 'Belum Dicek', 4, 6, 3, NULL, 2025, 4, 5, NULL, 6, NULL, NULL, NULL, NULL, NULL, NULL, NULL, 6, 3, 4, 'Baru', ''),
	(106, '2025-07-29 01:59:17', '2025-07-29 01:59:17', 67, 2, 'Belum Dicek', 4, 6, 3, NULL, 2025, 4, 5, NULL, 6, NULL, NULL, NULL, NULL, NULL, NULL, NULL, 6, 3, 4, 'Baru', ''),
	(107, '2025-07-29 01:59:17', '2025-07-29 01:59:17', 67, 2, 'Belum Dicek', 4, 6, 3, NULL, 2025, 4, 5, NULL, 6, NULL, NULL, NULL, NULL, NULL, NULL, NULL, 6, 3, 4, 'Baru', ''),
	(108, '2025-07-29 01:59:17', '2025-07-29 01:59:17', 67, 2, 'Belum Dicek', 4, 6, 3, NULL, 2025, 4, 5, NULL, 6, NULL, NULL, NULL, NULL, NULL, NULL, NULL, 6, 3, 4, 'Baru', ''),
	(109, '2025-07-29 01:59:17', '2025-07-29 01:59:17', 67, 2, 'Belum Dicek', 4, 6, 3, NULL, 2025, 4, 5, NULL, 6, NULL, NULL, NULL, NULL, NULL, NULL, NULL, 6, 3, 4, 'Baru', ''),
	(110, '2025-07-29 01:59:17', '2025-07-29 01:59:17', 67, 2, 'Belum Dicek', 4, 6, 3, NULL, 2025, 4, 5, NULL, 6, NULL, NULL, NULL, NULL, NULL, NULL, NULL, 6, 3, 4, 'Baru', ''),
	(111, '2025-07-29 01:59:17', '2025-07-29 01:59:17', 67, 2, 'Belum Dicek', 4, 6, 3, NULL, 2025, 4, 5, NULL, 6, NULL, NULL, NULL, NULL, NULL, NULL, NULL, 6, 3, 4, 'Baru', ''),
	(112, '2025-07-29 01:59:17', '2025-07-29 01:59:17', 67, 2, 'Belum Dicek', 4, 6, 3, NULL, 2025, 4, 5, NULL, 6, NULL, NULL, NULL, NULL, NULL, NULL, NULL, 6, 3, 4, 'Baru', ''),
	(113, '2025-07-29 01:59:17', '2025-07-29 01:59:17', 67, 2, 'Belum Dicek', 4, 6, 3, NULL, 2025, 4, 5, NULL, 6, NULL, NULL, NULL, NULL, NULL, NULL, NULL, 6, 3, 4, 'Baru', ''),
	(114, '2025-07-29 01:59:17', '2025-07-29 01:59:17', 67, 2, 'Belum Dicek', 4, 6, 3, NULL, 2025, 4, 5, NULL, 6, NULL, NULL, NULL, NULL, NULL, NULL, NULL, 6, 3, 4, 'Baru', ''),
	(115, '2025-07-29 01:59:17', '2025-07-29 01:59:17', 67, 2, 'Belum Dicek', 4, 6, 3, NULL, 2025, 4, 5, NULL, 6, NULL, NULL, NULL, NULL, NULL, NULL, NULL, 6, 3, 4, 'Baru', ''),
	(116, '2025-07-29 01:59:17', '2025-07-29 01:59:17', 67, 2, 'Belum Dicek', 4, 6, 3, NULL, 2025, 4, 5, NULL, 6, NULL, NULL, NULL, NULL, NULL, NULL, NULL, 6, 3, 4, 'Baru', ''),
	(117, '2025-07-29 01:59:17', '2025-07-29 01:59:17', 67, 2, 'Belum Dicek', 1, 1, 3, NULL, 2025, 4, 5, NULL, 6, NULL, NULL, NULL, NULL, NULL, NULL, NULL, 6, 3, 4, 'Baru', ''),
	(118, '2025-07-29 01:59:17', '2025-07-29 01:59:17', 67, 2, 'Belum Dicek', 1, 1, 3, NULL, 2025, 4, 5, NULL, 6, NULL, NULL, NULL, NULL, NULL, NULL, NULL, 6, 3, 4, 'Baru', ''),
	(119, '2025-07-29 01:59:17', '2025-07-29 01:59:17', 67, 2, 'Belum Dicek', 1, 1, 3, NULL, 2025, 4, 5, NULL, 6, NULL, NULL, NULL, NULL, NULL, NULL, NULL, 6, 3, 4, 'Baru', ''),
	(120, '2025-07-29 01:59:17', '2025-07-29 01:59:17', 67, 2, 'Belum Dicek', 1, 1, 3, NULL, 2025, 4, 5, NULL, 6, NULL, NULL, NULL, NULL, NULL, NULL, NULL, 6, 3, 4, 'Baru', ''),
	(121, '2025-07-29 01:59:17', '2025-07-29 01:59:17', 67, 2, 'Belum Dicek', 1, 1, 3, NULL, 2025, 4, 5, NULL, 6, NULL, NULL, NULL, NULL, NULL, NULL, NULL, 6, 3, 4, 'Baru', ''),
	(122, '2025-07-29 01:59:17', '2025-07-29 01:59:17', 67, 2, 'Belum Dicek', 1, 1, 3, NULL, 2025, 4, 5, NULL, 6, NULL, NULL, NULL, NULL, NULL, NULL, NULL, 6, 3, 4, 'Baru', ''),
	(123, '2025-07-29 01:59:17', '2025-07-29 01:59:17', 67, 2, 'Belum Dicek', 1, 1, 3, NULL, 2025, 4, 5, NULL, 6, NULL, NULL, NULL, NULL, NULL, NULL, NULL, 6, 3, 4, 'Baru', ''),
	(124, '2025-07-29 01:59:17', '2025-07-29 01:59:17', 67, 2, 'Belum Dicek', 1, 1, 3, NULL, 2025, 4, 5, NULL, 6, NULL, NULL, NULL, NULL, NULL, NULL, NULL, 6, 3, 4, 'Baru', ''),
	(125, '2025-07-29 01:59:17', '2025-07-29 01:59:17', 67, 2, 'Belum Dicek', 1, 1, 3, NULL, 2025, 4, 5, NULL, 6, NULL, NULL, NULL, NULL, NULL, NULL, NULL, 6, 3, 4, 'Baru', ''),
	(126, '2025-07-29 01:59:17', '2025-07-29 01:59:17', 67, 2, 'Belum Dicek', 1, 1, 3, NULL, 2025, 4, 5, NULL, 6, NULL, NULL, NULL, NULL, NULL, NULL, NULL, 6, 3, 4, 'Baru', ''),
	(127, '2025-07-29 01:59:17', '2025-07-29 01:59:17', 67, 2, 'Belum Dicek', 1, 1, 3, NULL, 2025, 4, 5, NULL, 6, NULL, NULL, NULL, NULL, NULL, NULL, NULL, 6, 3, 4, 'Baru', ''),
	(128, '2025-07-29 01:59:17', '2025-07-29 01:59:17', 67, 2, 'Belum Dicek', 1, 1, 3, NULL, 2025, 4, 5, NULL, 6, NULL, NULL, NULL, NULL, NULL, NULL, NULL, 6, 3, 4, 'Baru', ''),
	(213, '2025-07-29 19:23:48', '2025-07-29 19:23:48', 84, 1, 'Belum Dicek', 2, 2, 1, NULL, 2025, 2, 6, NULL, 6, NULL, NULL, NULL, NULL, NULL, NULL, NULL, 6, 3, 4, 'Baru', ''),
	(214, '2025-07-29 19:23:48', '2025-07-29 19:23:48', 84, 1, 'Belum Dicek', 2, 2, 1, NULL, 2025, 2, 6, NULL, 6, NULL, NULL, NULL, NULL, NULL, NULL, NULL, 6, 3, 4, 'Baru', ''),
	(215, '2025-07-29 19:23:48', '2025-07-29 19:23:48', 84, 1, 'Belum Dicek', 2, 2, 1, NULL, 2025, 2, 6, NULL, 6, NULL, NULL, NULL, NULL, NULL, NULL, NULL, 6, 3, 4, 'Baru', ''),
	(216, '2025-07-29 19:23:48', '2025-07-29 19:23:48', 84, 1, 'Belum Dicek', 2, 2, 1, NULL, 2025, 2, 6, NULL, 6, NULL, NULL, NULL, NULL, NULL, NULL, NULL, 6, 3, 4, 'Baru', ''),
	(217, '2025-07-29 19:23:48', '2025-07-29 19:23:48', 84, 1, 'Belum Dicek', 2, 2, 1, NULL, 2025, 2, 6, NULL, 6, NULL, NULL, NULL, NULL, NULL, NULL, NULL, 6, 3, 4, 'Baru', ''),
	(218, '2025-07-29 19:23:48', '2025-07-29 19:23:48', 84, 1, 'Belum Dicek', 2, 2, 1, NULL, 2025, 2, 6, NULL, 6, NULL, NULL, NULL, NULL, NULL, NULL, NULL, 6, 3, 4, 'Baru', ''),
	(219, '2025-07-29 19:23:48', '2025-07-29 19:23:48', 84, 1, 'Belum Dicek', 2, 2, 1, NULL, 2025, 2, 6, NULL, 6, NULL, NULL, NULL, NULL, NULL, NULL, NULL, 6, 3, 4, 'Baru', ''),
	(220, '2025-07-29 19:23:48', '2025-07-29 19:23:48', 84, 1, 'Belum Dicek', 2, 2, 1, NULL, 2025, 2, 6, NULL, 6, NULL, NULL, NULL, NULL, NULL, NULL, NULL, 6, 3, 4, 'Baru', ''),
	(221, '2025-07-29 19:23:48', '2025-07-29 19:23:48', 84, 1, 'Belum Dicek', 2, 2, 1, NULL, 2025, 2, 6, NULL, 6, NULL, NULL, NULL, NULL, NULL, NULL, NULL, 6, 3, 4, 'Baru', ''),
	(222, '2025-07-29 19:23:48', '2025-07-29 19:23:48', 84, 1, 'Belum Dicek', 2, 2, 1, NULL, 2025, 2, 6, NULL, 6, NULL, NULL, NULL, NULL, NULL, NULL, NULL, 6, 3, 4, 'Baru', ''),
	(223, '2025-07-29 19:23:48', '2025-07-29 19:23:48', 84, 1, 'Belum Dicek', 2, 2, 1, NULL, 2025, 2, 6, NULL, 6, NULL, NULL, NULL, NULL, NULL, NULL, NULL, 6, 3, 4, 'Baru', ''),
	(224, '2025-07-29 19:23:48', '2025-07-29 19:23:48', 84, 1, 'Belum Dicek', 2, 2, 1, NULL, 2025, 2, 6, NULL, 6, NULL, NULL, NULL, NULL, NULL, NULL, NULL, 6, 3, 4, 'Baru', ''),
	(225, '2025-07-29 19:25:29', '2025-07-29 19:25:29', 87, 1, 'Belum Dicek', 2, 2, 1, NULL, 2025, 2, 5, NULL, 6, NULL, NULL, NULL, NULL, NULL, NULL, NULL, 6, 4, 4, 'Baru', ''),
	(226, '2025-07-29 19:25:29', '2025-07-29 19:25:29', 87, 1, 'Belum Dicek', 2, 2, 1, NULL, 2025, 2, 5, NULL, 6, NULL, NULL, NULL, NULL, NULL, NULL, NULL, 6, 4, 4, 'Baru', ''),
	(227, '2025-07-29 19:25:29', '2025-07-29 19:25:29', 87, 1, 'Belum Dicek', 2, 2, 1, NULL, 2025, 2, 5, NULL, 6, NULL, NULL, NULL, NULL, NULL, NULL, NULL, 6, 4, 4, 'Baru', ''),
	(228, '2025-07-29 19:25:29', '2025-07-29 19:25:29', 87, 1, 'Belum Dicek', 2, 2, 1, NULL, 2025, 2, 5, NULL, 6, NULL, NULL, NULL, NULL, NULL, NULL, NULL, 6, 4, 4, 'Baru', ''),
	(229, '2025-07-29 19:25:29', '2025-07-29 19:25:29', 87, 1, 'Belum Dicek', 2, 2, 1, NULL, 2025, 2, 5, NULL, 6, NULL, NULL, NULL, NULL, NULL, NULL, NULL, 6, 4, 4, 'Baru', ''),
	(230, '2025-07-29 19:25:29', '2025-07-29 19:25:29', 87, 1, 'Belum Dicek', 2, 2, 1, NULL, 2025, 2, 5, NULL, 6, NULL, NULL, NULL, NULL, NULL, NULL, NULL, 6, 4, 4, 'Baru', ''),
	(231, '2025-07-29 19:25:29', '2025-07-29 19:25:29', 87, 1, 'Belum Dicek', 2, 2, 1, NULL, 2025, 2, 5, NULL, 6, NULL, NULL, NULL, NULL, NULL, NULL, NULL, 6, 4, 4, 'Baru', ''),
	(232, '2025-07-29 19:25:29', '2025-07-29 19:25:29', 87, 1, 'Belum Dicek', 2, 2, 1, NULL, 2025, 2, 5, NULL, 6, NULL, NULL, NULL, NULL, NULL, NULL, NULL, 6, 4, 4, 'Baru', ''),
	(233, '2025-07-29 19:25:29', '2025-07-29 19:25:29', 87, 1, 'Belum Dicek', 2, 2, 1, NULL, 2025, 2, 5, NULL, 6, NULL, NULL, NULL, NULL, NULL, NULL, NULL, 6, 4, 4, 'Baru', ''),
	(234, '2025-07-29 19:25:29', '2025-07-29 19:25:29', 87, 1, 'Belum Dicek', 2, 2, 1, NULL, 2025, 2, 5, NULL, 6, NULL, NULL, NULL, NULL, NULL, NULL, NULL, 6, 4, 4, 'Baru', ''),
	(235, '2025-07-29 19:25:29', '2025-07-29 19:25:29', 87, 1, 'Belum Dicek', 2, 2, 1, NULL, 2025, 2, 5, NULL, 6, NULL, NULL, NULL, NULL, NULL, NULL, NULL, 6, 4, 4, 'Baru', ''),
	(236, '2025-07-29 19:25:29', '2025-07-29 19:25:29', 87, 1, 'Belum Dicek', 2, 2, 1, NULL, 2025, 2, 5, NULL, 6, NULL, NULL, NULL, NULL, NULL, NULL, NULL, 6, 4, 4, 'Baru', ''),
	(237, '2025-07-29 20:16:28', '2025-07-29 20:16:28', 93, 2, 'Belum Dicek', 4, 5, 1, NULL, 2025, 1, 5, NULL, 5, NULL, NULL, NULL, 4, NULL, NULL, NULL, 5, 2, 3, 'Baru', ''),
	(238, '2025-07-29 20:16:28', '2025-07-29 20:16:28', 93, 2, 'Belum Dicek', 4, 5, 1, NULL, 2025, 1, 5, NULL, 5, NULL, NULL, NULL, 4, NULL, NULL, NULL, 5, 2, 3, 'Baru', ''),
	(239, '2025-07-29 20:16:28', '2025-07-29 20:16:28', 93, 2, 'Belum Dicek', 4, 5, 1, NULL, 2025, 1, 5, NULL, 5, NULL, NULL, NULL, 4, NULL, NULL, NULL, 5, 2, 3, 'Baru', ''),
	(240, '2025-07-29 20:16:28', '2025-07-29 20:16:28', 93, 2, 'Belum Dicek', 4, 5, 1, NULL, 2025, 1, 5, NULL, 5, NULL, NULL, NULL, 4, NULL, NULL, NULL, 5, 2, 3, 'Baru', ''),
	(241, '2025-07-29 20:16:28', '2025-07-29 20:16:28', 93, 2, 'Belum Dicek', 4, 5, 1, NULL, 2025, 1, 5, NULL, 5, NULL, NULL, NULL, 4, NULL, NULL, NULL, 5, 2, 3, 'Baru', ''),
	(242, '2025-07-29 20:16:28', '2025-07-29 20:16:28', 93, 2, 'Belum Dicek', 4, 5, 1, NULL, 2025, 1, 5, NULL, 5, NULL, NULL, NULL, 4, NULL, NULL, NULL, 5, 2, 3, 'Baru', ''),
	(243, '2025-07-29 20:16:28', '2025-07-29 20:16:28', 93, 2, 'Belum Dicek', 4, 5, 1, NULL, 2025, 1, 5, NULL, 5, NULL, NULL, NULL, 4, NULL, NULL, NULL, 5, 2, 3, 'Baru', ''),
	(244, '2025-07-29 20:16:28', '2025-07-29 20:16:28', 93, 2, 'Belum Dicek', 4, 5, 1, NULL, 2025, 1, 5, NULL, 5, NULL, NULL, NULL, 4, NULL, NULL, NULL, 5, 2, 3, 'Baru', ''),
	(245, '2025-07-29 20:16:28', '2025-07-29 20:16:28', 93, 2, 'Belum Dicek', 4, 5, 1, NULL, 2025, 1, 5, NULL, 5, NULL, NULL, NULL, 4, NULL, NULL, NULL, 5, 2, 3, 'Baru', ''),
	(246, '2025-07-29 20:16:28', '2025-07-29 20:16:28', 93, 2, 'Belum Dicek', 4, 5, 1, NULL, 2025, 1, 5, NULL, 5, NULL, NULL, NULL, 4, NULL, NULL, NULL, 5, 2, 3, 'Baru', ''),
	(247, '2025-07-29 20:16:28', '2025-07-29 20:16:28', 93, 2, 'Belum Dicek', 4, 5, 1, NULL, 2025, 1, 5, NULL, 5, NULL, NULL, NULL, 4, NULL, NULL, NULL, 5, 2, 3, 'Baru', ''),
	(248, '2025-07-29 20:16:28', '2025-07-29 20:16:28', 93, 2, 'Belum Dicek', 4, 5, 1, NULL, 2025, 1, 5, NULL, 5, NULL, NULL, NULL, 4, NULL, NULL, NULL, 5, 2, 3, 'Baru', ''),
	(249, '2025-07-31 21:22:10', '2025-07-31 21:22:10', 94, 2, 'Belum Dicek', 4, 5, 1, NULL, 2025, 2, 5, NULL, 5, NULL, NULL, NULL, 5, NULL, NULL, NULL, 5, 2, 3, 'Baru', ''),
	(250, '2025-07-31 21:29:00', '2025-07-31 21:29:00', 97, 2, 'Belum Dicek', 4, 5, 1, NULL, 2025, 2, 5, NULL, 4, NULL, NULL, NULL, 5, NULL, NULL, NULL, 5, 3, 3, 'Bekas', ''),
	(251, '2025-08-11 02:37:42', '2025-08-11 02:37:42', 102, 1, 'Belum Dicek', 60, 64, 1, NULL, 2025, 2, 5, NULL, 5, NULL, NULL, NULL, NULL, NULL, NULL, NULL, 5, 2, 3, 'Rekondisi', NULL),
	(252, '2025-08-11 18:56:29', '2025-08-11 18:56:29', 116, 1, 'Belum Dicek', 4, 4, 4, NULL, 2025, 5, 4, NULL, 4, NULL, NULL, NULL, NULL, NULL, NULL, NULL, 4, 3, 3, 'Baru', ''),
	(253, '2025-08-11 18:59:05', '2025-08-11 18:59:05', 117, 1, 'Belum Dicek', 4, 5, 4, NULL, 2025, 5, NULL, NULL, NULL, NULL, NULL, NULL, NULL, NULL, NULL, NULL, NULL, NULL, NULL, 'Baru', ''),
	(254, '2025-08-11 19:00:10', '2025-08-11 19:00:10', 120, 1, 'Belum Dicek', 2, 2, 2, NULL, 2025, 1, 2, NULL, 2, NULL, NULL, NULL, NULL, NULL, NULL, NULL, 2, 4, 3, 'Baru', NULL),
	(255, '2025-08-11 19:21:21', '2025-08-11 19:21:21', 121, 1, 'Belum Dicek', 39, 43, 2, NULL, 2025, 5, 1, NULL, 2, NULL, NULL, NULL, NULL, NULL, NULL, NULL, 1, 1, 1, 'Baru', NULL),
	(256, '2025-08-11 19:22:14', '2025-08-11 19:22:14', 122, 2, 'Belum Dicek', 4, 6, 9, NULL, 2025, 2, 5, NULL, 4, NULL, NULL, NULL, NULL, NULL, NULL, NULL, 3, 4, 4, 'Baru', ''),
	(257, '2025-08-11 20:15:49', '2025-08-11 20:15:49', 123, 2, 'Belum Dicek', 2, 3, 10, NULL, 2025, 10, 2, NULL, 2, NULL, NULL, NULL, NULL, NULL, NULL, NULL, 2, 2, 3, 'Baru', ''),
	(259, '2025-08-11 21:06:47', '2025-08-11 21:06:47', 138, 1, 'Belum Dicek', 2, 2, 6, NULL, 2025, 5, 5, NULL, 5, NULL, NULL, NULL, NULL, NULL, NULL, NULL, 6, 2, 4, 'Baru', ''),
	(260, '2025-08-11 23:45:20', '2025-08-11 23:45:20', 142, 1, 'Belum Dicek', 2, 2, 4, NULL, 2025, 5, 5, NULL, 5, NULL, NULL, NULL, NULL, NULL, NULL, NULL, 5, 2, 3, 'Baru', NULL);

-- Dumping structure for table optima_db.purchase_orders
CREATE TABLE IF NOT EXISTS `purchase_orders` (
  `id_po` int NOT NULL AUTO_INCREMENT,
  `no_po` varchar(100) NOT NULL,
  `tanggal_po` date NOT NULL,
  `supplier_id` int NOT NULL,
  `invoice_no` varchar(100) DEFAULT NULL,
  `invoice_date` date DEFAULT NULL,
  `bl_date` date DEFAULT NULL,
  `keterangan_po` text,
  `tipe_po` enum('Unit','Attachment & Battery','Sparepart','Dinamis') NOT NULL,
  `created_at` timestamp NULL DEFAULT CURRENT_TIMESTAMP,
  `updated_at` timestamp NULL DEFAULT NULL,
  `status` enum('pending','approved','completed','cancelled','Selesai dengan Catatan') DEFAULT 'pending',
  PRIMARY KEY (`id_po`),
  KEY `fk_po_supplier` (`supplier_id`),
  CONSTRAINT `fk_po_supplier` FOREIGN KEY (`supplier_id`) REFERENCES `suppliers` (`id_supplier`)
) ENGINE=InnoDB AUTO_INCREMENT=143 DEFAULT CHARSET=utf8mb4 COLLATE=utf8mb4_0900_ai_ci;

-- Dumping data for table optima_db.purchase_orders: ~50 rows (approximately)
REPLACE INTO `purchase_orders` (`id_po`, `no_po`, `tanggal_po`, `supplier_id`, `invoice_no`, `invoice_date`, `bl_date`, `keterangan_po`, `tipe_po`, `created_at`, `updated_at`, `status`) VALUES
	(1, 'PO-Unit-2025-07-0001', '2025-07-15', 1, NULL, NULL, NULL, NULL, 'Unit', '2025-07-16 03:44:13', '2025-07-21 01:31:17', 'completed'),
	(2, 'PO/ATT/2024/002', '2025-07-16', 2, NULL, NULL, NULL, NULL, 'Attachment & Battery', '2025-07-16 03:44:13', '2025-07-21 01:31:15', 'completed'),
	(23, 'PO-Unit-2025-07-0004', '2025-07-21', 2, '12441234123123123', '2025-07-21', '2025-07-25', '124123123', 'Unit', '2025-07-20 18:33:37', '2025-07-30 20:31:48', 'completed'),
	(24, 'PO-Unit-2025-07-0005', '2025-07-21', 2, '1244123412312312312', '2025-07-31', '2025-07-31', 'asfffasdasdasd123', 'Unit', '2025-07-20 19:56:41', '2025-07-21 01:33:06', 'completed'),
	(25, 'PO-Unit-2025-07-0006', '2025-07-21', 1, 'PO/ASDA/ASU', '2025-07-21', '2025-07-21', 'BELI UNIT', 'Unit', '2025-07-21 07:14:31', '2025-08-03 20:06:17', 'completed'),
	(27, 'PO/221/111111', '2025-07-22', 2, '', '2025-07-22', '2025-07-22', 'BELI ', 'Attachment & Battery', '2025-07-22 00:29:20', '2025-07-22 00:29:20', 'pending'),
	(35, 'PO/SPRT/144445', '2025-07-24', 1, NULL, NULL, NULL, '', 'Sparepart', '2025-07-23 20:16:40', '2025-07-23 20:16:58', 'Selesai dengan Catatan'),
	(36, 'PO/2000/99231', '2025-07-24', 1, '', '2025-07-24', '2025-07-24', '', 'Attachment & Battery', '2025-07-23 21:08:34', '2025-07-23 23:29:16', 'completed'),
	(37, 'PO/ATT/4321/211/1', '2025-07-24', 2, '', '2025-07-25', '2025-07-25', '', 'Attachment & Battery', '2025-07-23 23:32:28', '2025-07-23 23:32:28', 'pending'),
	(38, 'PO/278/7875', '2025-07-24', 1, '', '2025-07-24', '2025-07-24', '', 'Unit', '2025-07-23 23:58:46', '2025-08-15 21:26:44', 'completed'),
	(39, 'PO/221/131231', '2025-07-24', 1, '', '2025-07-24', '2025-07-24', '', 'Unit', '2025-07-24 01:33:02', '2025-07-24 01:33:02', 'pending'),
	(40, 'PO/221/122222', '2025-07-25', 2, NULL, NULL, NULL, '', 'Sparepart', '2025-07-24 22:13:51', '2025-07-24 22:15:54', 'completed'),
	(44, 'PO/221/131232', '2025-07-26', 1, '', '2025-07-24', '2025-07-24', '', 'Unit', '2025-07-25 18:44:44', '2025-07-25 18:44:44', 'pending'),
	(46, 'PO/SPRT/9923100', '2025-07-26', 1, NULL, '2025-07-26', '2025-07-26', NULL, 'Unit', '2025-07-25 23:53:49', '2025-07-25 23:54:27', 'completed'),
	(47, 'PO/SPRT/ADIT', '2025-07-28', 2, '123', '2025-07-26', '2025-07-26', '123', 'Unit', '2025-07-28 00:28:18', '2025-07-28 00:28:18', 'pending'),
	(52, 'PO/SPRT/ADIT123', '2025-07-29', 1, '123', '2025-07-26', '2025-07-26', '123', 'Unit', '2025-07-29 00:03:39', '2025-07-29 00:03:39', 'pending'),
	(58, 'PO/221/KALENG125551', '2025-07-29', 1, 'PO/ASDA/ASU12', '2025-07-28', '2025-07-28', '12', 'Unit', '2025-07-29 00:28:01', '2025-07-29 00:28:01', 'pending'),
	(65, 'PO/221/KALENG1255512', '2025-07-29', 1, 'PO/ASDA/ASU12', '2025-07-28', '2025-07-28', '12', 'Unit', '2025-07-29 01:44:12', '2025-07-29 01:44:12', 'pending'),
	(66, 'PO/221/asda321', '2025-07-29', 2, 'PO/ASDA/ASU12', '2025-07-28', '2025-07-28', '12', 'Unit', '2025-07-29 01:45:56', '2025-07-29 01:45:56', 'pending'),
	(67, 'PO/221/asda321213', '2025-07-29', 1, 'PO/ASDA/ASU12', '2025-07-28', '2025-07-28', '12', 'Unit', '2025-07-29 01:59:17', '2025-07-29 01:59:17', 'pending'),
	(84, 'PO/221/23155', '2025-07-30', 2, NULL, NULL, NULL, NULL, 'Unit', '2025-07-29 19:23:48', '2025-07-29 19:23:48', 'pending'),
	(85, 'PO/221/231551', '2025-07-30', 1, NULL, NULL, NULL, NULL, 'Sparepart', '2025-07-29 19:24:12', '2025-07-29 19:24:12', 'pending'),
	(87, 'PO/221/231553', '2025-07-30', 1, NULL, NULL, NULL, NULL, 'Unit', '2025-07-29 19:25:29', '2025-07-29 19:25:29', 'pending'),
	(88, 'PO/221/231553', '2025-07-30', 1, NULL, NULL, NULL, NULL, 'Sparepart', '2025-07-29 19:25:29', '2025-07-29 19:25:29', 'pending'),
	(89, 'PO/221/KALENG12355', '2025-07-30', 2, '', '2025-07-30', '2025-07-30', '', 'Attachment & Battery', '2025-07-29 19:35:23', '2025-07-29 19:35:23', 'pending'),
	(92, 'PO/221/2315532121', '2025-07-30', 1, NULL, NULL, NULL, NULL, 'Attachment & Battery', '2025-07-29 19:49:08', '2025-07-29 19:49:08', 'pending'),
	(93, 'PO/221/2315531', '2025-07-30', 1, NULL, NULL, NULL, NULL, 'Unit', '2025-07-29 20:16:28', '2025-07-29 20:16:28', 'pending'),
	(94, 'PO/221/2315512355', '2025-08-01', 1, NULL, NULL, NULL, NULL, 'Unit', '2025-07-31 21:22:10', '2025-07-31 21:22:10', 'pending'),
	(95, 'PO/221/2315512355', '2025-08-01', 1, NULL, NULL, NULL, NULL, 'Attachment & Battery', '2025-07-31 21:22:10', '2025-07-31 21:22:10', 'pending'),
	(96, 'PO/221/2315512355', '2025-08-01', 1, NULL, NULL, NULL, NULL, 'Sparepart', '2025-07-31 21:22:10', '2025-07-31 21:22:10', 'pending'),
	(97, 'PO/221/23155123551', '2025-08-01', 2, NULL, NULL, NULL, NULL, 'Unit', '2025-07-31 21:29:00', '2025-07-31 21:29:00', 'pending'),
	(102, 'tester', '2025-08-11', 1, 'PO/ASDA/asdaweaw', '2025-08-07', '2025-08-11', NULL, 'Unit', '2025-08-11 02:37:42', '2025-08-11 02:37:42', 'pending'),
	(116, 'PO/221/KALENG/poas23', '2025-08-12', 2, NULL, NULL, NULL, NULL, 'Unit', '2025-08-11 18:56:29', '2025-08-11 18:56:29', 'pending'),
	(117, 'TESTETEST', '2025-08-12', 2, NULL, NULL, NULL, NULL, 'Unit', '2025-08-11 18:59:05', '2025-08-11 18:59:05', 'pending'),
	(118, 'TESTETEST', '2025-08-12', 2, NULL, NULL, NULL, NULL, 'Attachment & Battery', '2025-08-11 18:59:05', '2025-08-11 18:59:05', 'pending'),
	(119, 'TESTETEST', '2025-08-12', 2, NULL, NULL, NULL, NULL, 'Sparepart', '2025-08-11 18:59:05', '2025-08-11 18:59:05', 'pending'),
	(120, 'tester324234', '2025-08-12', 2, 'PO/ASDA/asdaweaw', '2025-08-07', '2025-08-11', NULL, 'Unit', '2025-08-11 19:00:10', '2025-08-11 19:00:10', 'pending'),
	(121, 'initest', '2025-08-12', 1, 'PO/ASDA/asdaweaw', '2025-08-07', '2025-08-11', NULL, 'Unit', '2025-08-11 19:21:21', '2025-08-11 19:21:21', 'pending'),
	(122, 'iniTESTETEST', '2025-08-12', 2, NULL, NULL, NULL, NULL, 'Unit', '2025-08-11 19:22:14', '2025-08-11 19:22:14', 'pending'),
	(123, 'iniTESTETESTetteq', '2025-08-12', 1, NULL, NULL, NULL, NULL, 'Unit', '2025-08-11 20:15:49', '2025-08-11 20:15:49', 'pending'),
	(124, 'iniTESTETESTetteq', '2025-08-12', 1, NULL, NULL, NULL, NULL, 'Attachment & Battery', '2025-08-11 20:15:49', '2025-08-11 20:15:49', 'pending'),
	(125, 'iniTESTETESTetteq', '2025-08-12', 1, NULL, NULL, NULL, NULL, 'Sparepart', '2025-08-11 20:15:49', '2025-08-11 20:15:49', 'pending'),
	(130, 'akucumatest', '2025-08-12', 1, NULL, NULL, NULL, NULL, 'Attachment & Battery', '2025-08-11 20:27:06', '2025-08-11 20:27:06', 'pending'),
	(131, 'akucumatest', '2025-08-12', 1, NULL, NULL, NULL, NULL, 'Attachment & Battery', '2025-08-11 20:27:13', '2025-08-11 20:27:13', 'pending'),
	(132, 'akucumatest1', '2025-08-12', 2, NULL, NULL, NULL, NULL, 'Attachment & Battery', '2025-08-11 20:27:48', '2025-08-11 20:27:48', 'pending'),
	(137, 'akucumatest3', '2025-08-12', 1, NULL, NULL, NULL, NULL, 'Sparepart', '2025-08-11 20:33:56', '2025-08-11 20:33:56', 'pending'),
	(138, 'awdiniwane', '2025-08-12', 1, NULL, NULL, NULL, NULL, 'Unit', '2025-08-11 21:06:47', '2025-08-11 21:06:47', 'pending'),
	(139, 'awdiniwane', '2025-08-12', 1, NULL, NULL, NULL, NULL, 'Attachment & Battery', '2025-08-11 21:06:47', '2025-08-11 21:06:47', 'pending'),
	(140, 'awdiniwane', '2025-08-12', 1, NULL, NULL, NULL, NULL, 'Sparepart', '2025-08-11 21:06:47', '2025-08-11 21:06:47', 'pending'),
	(141, 'awdiniwane', '2025-08-12', 2, NULL, NULL, NULL, NULL, 'Sparepart', '2025-08-11 21:11:47', '2025-08-11 21:11:47', 'pending'),
	(142, 'initest123', '2025-08-12', 1, 'PO/ASDA/asdaweaw', '2025-08-07', '2025-08-11', NULL, 'Unit', '2025-08-11 23:45:20', '2025-08-11 23:45:20', 'pending');

-- Dumping structure for table optima_db.rbac_audit_log
CREATE TABLE IF NOT EXISTS `rbac_audit_log` (
  `id` int NOT NULL AUTO_INCREMENT,
  `user_id` int DEFAULT NULL,
  `action` varchar(50) COLLATE utf8mb4_unicode_ci NOT NULL,
  `table_name` varchar(50) COLLATE utf8mb4_unicode_ci NOT NULL,
  `record_id` int DEFAULT NULL,
  `old_values` json DEFAULT NULL,
  `new_values` json DEFAULT NULL,
  `ip_address` varchar(45) COLLATE utf8mb4_unicode_ci DEFAULT NULL,
  `user_agent` text COLLATE utf8mb4_unicode_ci,
  `performed_by` int DEFAULT NULL,
  `created_at` timestamp NULL DEFAULT CURRENT_TIMESTAMP,
  PRIMARY KEY (`id`),
  KEY `idx_audit_user` (`user_id`),
  KEY `idx_audit_action` (`action`),
  KEY `idx_audit_table` (`table_name`),
  KEY `idx_audit_performed_by` (`performed_by`),
  KEY `idx_audit_created` (`created_at`),
  CONSTRAINT `fk_audit_log_performed_by` FOREIGN KEY (`performed_by`) REFERENCES `users` (`id`) ON DELETE SET NULL ON UPDATE CASCADE,
  CONSTRAINT `fk_audit_log_user` FOREIGN KEY (`user_id`) REFERENCES `users` (`id`) ON DELETE SET NULL ON UPDATE CASCADE
) ENGINE=InnoDB DEFAULT CHARSET=utf8mb4 COLLATE=utf8mb4_unicode_ci;

-- Dumping data for table optima_db.rbac_audit_log: ~0 rows (approximately)

-- Dumping structure for table optima_db.rentals
CREATE TABLE IF NOT EXISTS `rentals` (
  `rental_id` int unsigned NOT NULL AUTO_INCREMENT,
  `rental_number` varchar(50) CHARACTER SET utf8mb4 COLLATE utf8mb4_general_ci NOT NULL,
  `forklift_id` int unsigned NOT NULL,
  `customer_name` varchar(255) CHARACTER SET utf8mb4 COLLATE utf8mb4_general_ci NOT NULL,
  `customer_company` varchar(255) CHARACTER SET utf8mb4 COLLATE utf8mb4_general_ci NOT NULL,
  `customer_email` varchar(255) CHARACTER SET utf8mb4 COLLATE utf8mb4_general_ci NOT NULL,
  `customer_phone` varchar(20) CHARACTER SET utf8mb4 COLLATE utf8mb4_general_ci NOT NULL,
  `customer_address` text CHARACTER SET utf8mb4 COLLATE utf8mb4_general_ci,
  `contact_person` varchar(255) CHARACTER SET utf8mb4 COLLATE utf8mb4_general_ci DEFAULT NULL,
  `rental_type` enum('daily','weekly','monthly','yearly') CHARACTER SET utf8mb4 COLLATE utf8mb4_general_ci NOT NULL DEFAULT 'daily',
  `start_date` date NOT NULL,
  `end_date` date NOT NULL,
  `rental_duration` int NOT NULL COMMENT 'Duration in days/weeks/months based on rental_type',
  `rental_rate` decimal(12,2) NOT NULL COMMENT 'Rate per period',
  `rental_rate_type` enum('daily','weekly','monthly','yearly') CHARACTER SET utf8mb4 COLLATE utf8mb4_general_ci NOT NULL DEFAULT 'daily',
  `total_amount` decimal(15,2) NOT NULL COMMENT 'Subtotal before discounts and taxes',
  `discount_amount` decimal(12,2) NOT NULL DEFAULT '0.00',
  `tax_amount` decimal(12,2) NOT NULL DEFAULT '0.00',
  `final_amount` decimal(15,2) NOT NULL COMMENT 'Final amount after all adjustments',
  `security_deposit` decimal(12,2) NOT NULL DEFAULT '0.00',
  `delivery_required` tinyint(1) NOT NULL DEFAULT '0',
  `delivery_address` text CHARACTER SET utf8mb4 COLLATE utf8mb4_general_ci,
  `delivery_cost` decimal(10,2) NOT NULL DEFAULT '0.00',
  `pickup_required` tinyint(1) NOT NULL DEFAULT '0',
  `pickup_address` text CHARACTER SET utf8mb4 COLLATE utf8mb4_general_ci,
  `pickup_cost` decimal(10,2) NOT NULL DEFAULT '0.00',
  `operator_required` tinyint(1) NOT NULL DEFAULT '0',
  `operator_name` varchar(255) CHARACTER SET utf8mb4 COLLATE utf8mb4_general_ci DEFAULT NULL,
  `operator_cost` decimal(10,2) NOT NULL DEFAULT '0.00',
  `fuel_included` tinyint(1) NOT NULL DEFAULT '0',
  `maintenance_included` tinyint(1) NOT NULL DEFAULT '0',
  `insurance_included` tinyint(1) NOT NULL DEFAULT '0',
  `status` enum('draft','confirmed','active','completed','cancelled') CHARACTER SET utf8mb4 COLLATE utf8mb4_general_ci NOT NULL DEFAULT 'draft',
  `contract_status` enum('pending','signed','expired') CHARACTER SET utf8mb4 COLLATE utf8mb4_general_ci NOT NULL DEFAULT 'pending',
  `payment_status` enum('pending','partial','paid','overdue') CHARACTER SET utf8mb4 COLLATE utf8mb4_general_ci NOT NULL DEFAULT 'pending',
  `payment_method` varchar(50) CHARACTER SET utf8mb4 COLLATE utf8mb4_general_ci DEFAULT NULL,
  `payment_terms` varchar(100) CHARACTER SET utf8mb4 COLLATE utf8mb4_general_ci DEFAULT NULL,
  `po_number` varchar(100) CHARACTER SET utf8mb4 COLLATE utf8mb4_general_ci DEFAULT NULL,
  `contract_file` varchar(255) CHARACTER SET utf8mb4 COLLATE utf8mb4_general_ci DEFAULT NULL,
  `notes` text CHARACTER SET utf8mb4 COLLATE utf8mb4_general_ci,
  `special_terms` text CHARACTER SET utf8mb4 COLLATE utf8mb4_general_ci,
  `created_by` int unsigned DEFAULT NULL,
  `updated_by` int unsigned DEFAULT NULL,
  `approved_by` int unsigned DEFAULT NULL,
  `cancelled_by` int unsigned DEFAULT NULL,
  `completed_by` int unsigned DEFAULT NULL,
  `confirmed_at` datetime DEFAULT NULL,
  `confirmed_by` int unsigned DEFAULT NULL,
  `started_at` datetime DEFAULT NULL,
  `completed_at` datetime DEFAULT NULL,
  `cancelled_at` datetime DEFAULT NULL,
  `created_at` datetime DEFAULT NULL,
  `updated_at` datetime DEFAULT NULL,
  `deleted_at` datetime DEFAULT NULL,
  PRIMARY KEY (`rental_id`),
  KEY `rental_number` (`rental_number`),
  KEY `forklift_id` (`forklift_id`),
  KEY `customer_email` (`customer_email`),
  KEY `status` (`status`),
  KEY `contract_status` (`contract_status`),
  KEY `payment_status` (`payment_status`),
  KEY `start_date` (`start_date`),
  KEY `end_date` (`end_date`),
  KEY `created_at` (`created_at`),
  KEY `deleted_at` (`deleted_at`)
) ENGINE=InnoDB DEFAULT CHARSET=utf8mb4 COLLATE=utf8mb4_general_ci;

-- Dumping data for table optima_db.rentals: ~0 rows (approximately)

-- Dumping structure for table optima_db.reports
CREATE TABLE IF NOT EXISTS `reports` (
  `id` int unsigned NOT NULL AUTO_INCREMENT,
  `name` varchar(255) CHARACTER SET utf8mb4 COLLATE utf8mb4_general_ci NOT NULL,
  `type` varchar(50) CHARACTER SET utf8mb4 COLLATE utf8mb4_general_ci NOT NULL,
  `format` varchar(20) CHARACTER SET utf8mb4 COLLATE utf8mb4_general_ci NOT NULL,
  `filename` varchar(255) CHARACTER SET utf8mb4 COLLATE utf8mb4_general_ci DEFAULT NULL,
  `user_id` int unsigned NOT NULL,
  `status` enum('pending','processing','completed','failed') CHARACTER SET utf8mb4 COLLATE utf8mb4_general_ci NOT NULL DEFAULT 'pending',
  `data_count` int NOT NULL DEFAULT '0',
  `created_at` datetime DEFAULT NULL,
  `updated_at` datetime DEFAULT NULL,
  PRIMARY KEY (`id`),
  KEY `user_id` (`user_id`),
  KEY `type` (`type`)
) ENGINE=InnoDB DEFAULT CHARSET=utf8mb4 COLLATE=utf8mb4_general_ci;

-- Dumping data for table optima_db.reports: ~0 rows (approximately)

-- Dumping structure for table optima_db.roles
CREATE TABLE IF NOT EXISTS `roles` (
  `id` int NOT NULL AUTO_INCREMENT,
  `name` varchar(100) COLLATE utf8mb4_unicode_ci NOT NULL,
  `slug` varchar(100) COLLATE utf8mb4_unicode_ci NOT NULL,
  `description` text COLLATE utf8mb4_unicode_ci,
  `division_id` int DEFAULT NULL,
  `is_system_role` tinyint(1) DEFAULT '0',
  `is_active` tinyint(1) DEFAULT '1',
  `created_at` timestamp NULL DEFAULT CURRENT_TIMESTAMP,
  `updated_at` timestamp NULL DEFAULT CURRENT_TIMESTAMP ON UPDATE CURRENT_TIMESTAMP,
  PRIMARY KEY (`id`),
  UNIQUE KEY `slug` (`slug`),
  KEY `idx_roles_slug` (`slug`),
  KEY `idx_roles_division` (`division_id`),
  KEY `idx_roles_active` (`is_active`),
  CONSTRAINT `fk_roles_division` FOREIGN KEY (`division_id`) REFERENCES `divisions` (`id`) ON DELETE SET NULL ON UPDATE CASCADE
) ENGINE=InnoDB AUTO_INCREMENT=19 DEFAULT CHARSET=utf8mb4 COLLATE=utf8mb4_unicode_ci;

-- Dumping data for table optima_db.roles: ~18 rows (approximately)
REPLACE INTO `roles` (`id`, `name`, `slug`, `description`, `division_id`, `is_system_role`, `is_active`, `created_at`, `updated_at`) VALUES
	(1, 'Super Administrator', 'super_admin', 'Full system access with all permissions', 1, 1, 1, '2025-08-05 07:01:57', '2025-08-05 07:01:57'),
	(2, 'System Administrator', 'system_admin', 'System administration and configuration', 1, 1, 1, '2025-08-05 07:01:57', '2025-08-05 07:01:57'),
	(3, 'Division Manager', 'division_manager', 'Manager role for division operations', NULL, 1, 1, '2025-08-05 07:01:57', '2025-08-05 07:01:57'),
	(4, 'Division Staff', 'division_staff', 'Staff role for division operations', NULL, 1, 1, '2025-08-05 07:01:57', '2025-08-05 07:01:57'),
	(5, 'Service Manager', 'service_manager', 'Service Division Manager', 2, 0, 1, '2025-08-05 07:01:57', '2025-08-05 07:01:57'),
	(6, 'Service Technician', 'service_technician', 'Service Division Technician', 2, 0, 1, '2025-08-05 07:01:57', '2025-08-05 07:01:57'),
	(7, 'Operations Manager', 'operations_manager', 'Unit Operations Manager', 3, 0, 1, '2025-08-05 07:01:57', '2025-08-05 07:01:57'),
	(8, 'Driver', 'driver', 'Unit Operations Driver', 3, 0, 1, '2025-08-05 07:01:57', '2025-08-05 07:01:57'),
	(9, 'Marketing Manager', 'marketing_manager', 'Marketing Division Manager', 4, 0, 1, '2025-08-05 07:01:57', '2025-08-05 07:01:57'),
	(10, 'Sales Representative', 'sales_rep', 'Marketing Sales Representative', 4, 0, 1, '2025-08-05 07:01:57', '2025-08-05 07:01:57'),
	(11, 'Warehouse Manager', 'warehouse_manager', 'Warehouse & Assets Manager', 5, 0, 1, '2025-08-05 07:01:57', '2025-08-05 07:01:57'),
	(12, 'Warehouse Staff', 'warehouse_staff', 'Warehouse & Assets Staff', 5, 0, 1, '2025-08-05 07:01:57', '2025-08-05 07:01:57'),
	(13, 'Purchasing Manager', 'purchasing_manager', 'Purchasing Division Manager', 6, 0, 1, '2025-08-05 07:01:57', '2025-08-05 07:01:57'),
	(14, 'Purchasing Staff', 'purchasing_staff', 'Purchasing Division Staff', 6, 0, 1, '2025-08-05 07:01:57', '2025-08-05 07:01:57'),
	(15, 'Perizinan Manager', 'perizinan_manager', 'Licensing Division Manager', 7, 0, 1, '2025-08-05 07:01:57', '2025-08-05 07:01:57'),
	(16, 'Perizinan Staff', 'perizinan_staff', 'Licensing Division Staff', 7, 0, 1, '2025-08-05 07:01:57', '2025-08-05 07:01:57'),
	(17, 'Accounting Manager', 'accounting_manager', 'Accounting Division Manager', 8, 0, 1, '2025-08-05 07:01:57', '2025-08-05 07:01:57'),
	(18, 'Accountant', 'accountant', 'Accounting Division Staff', 8, 0, 1, '2025-08-05 07:01:57', '2025-08-05 07:01:57');

-- Dumping structure for table optima_db.role_permissions
CREATE TABLE IF NOT EXISTS `role_permissions` (
  `id` int NOT NULL AUTO_INCREMENT,
  `role_id` int NOT NULL,
  `permission_id` int NOT NULL,
  `granted` tinyint(1) DEFAULT '1',
  `assigned_by` int DEFAULT NULL,
  `assigned_at` timestamp NULL DEFAULT CURRENT_TIMESTAMP,
  `created_at` timestamp NULL DEFAULT CURRENT_TIMESTAMP,
  `updated_at` timestamp NULL DEFAULT CURRENT_TIMESTAMP ON UPDATE CURRENT_TIMESTAMP,
  PRIMARY KEY (`id`),
  UNIQUE KEY `uk_role_permission` (`role_id`,`permission_id`),
  KEY `idx_role_permissions_role` (`role_id`),
  KEY `idx_role_permissions_permission` (`permission_id`),
  KEY `idx_role_permissions_granted` (`granted`),
  KEY `idx_role_permissions_assigned_by` (`assigned_by`),
  KEY `idx_role_permissions_role_granted` (`role_id`,`granted`),
  CONSTRAINT `fk_role_permissions_assigned_by` FOREIGN KEY (`assigned_by`) REFERENCES `users` (`id`) ON DELETE SET NULL ON UPDATE CASCADE,
  CONSTRAINT `fk_role_permissions_permission` FOREIGN KEY (`permission_id`) REFERENCES `permissions` (`id`) ON DELETE CASCADE ON UPDATE CASCADE,
  CONSTRAINT `fk_role_permissions_role` FOREIGN KEY (`role_id`) REFERENCES `roles` (`id`) ON DELETE CASCADE ON UPDATE CASCADE
) ENGINE=InnoDB AUTO_INCREMENT=64 DEFAULT CHARSET=utf8mb4 COLLATE=utf8mb4_unicode_ci;

-- Dumping data for table optima_db.role_permissions: ~50 rows (approximately)
REPLACE INTO `role_permissions` (`id`, `role_id`, `permission_id`, `granted`, `assigned_by`, `assigned_at`, `created_at`, `updated_at`) VALUES
	(1, 1, 1, 1, 1, '2025-08-05 07:01:57', '2025-08-05 07:01:57', '2025-08-05 07:01:57'),
	(2, 1, 2, 1, 1, '2025-08-05 07:01:57', '2025-08-05 07:01:57', '2025-08-05 07:01:57'),
	(3, 1, 3, 1, 1, '2025-08-05 07:01:57', '2025-08-05 07:01:57', '2025-08-05 07:01:57'),
	(4, 1, 4, 1, 1, '2025-08-05 07:01:57', '2025-08-05 07:01:57', '2025-08-05 07:01:57'),
	(5, 1, 5, 1, 1, '2025-08-05 07:01:57', '2025-08-05 07:01:57', '2025-08-05 07:01:57'),
	(6, 1, 6, 1, 1, '2025-08-05 07:01:57', '2025-08-05 07:01:57', '2025-08-05 07:01:57'),
	(7, 1, 7, 1, 1, '2025-08-05 07:01:57', '2025-08-05 07:01:57', '2025-08-05 07:01:57'),
	(8, 1, 8, 1, 1, '2025-08-05 07:01:57', '2025-08-05 07:01:57', '2025-08-05 07:01:57'),
	(9, 1, 9, 1, 1, '2025-08-05 07:01:57', '2025-08-05 07:01:57', '2025-08-05 07:01:57'),
	(10, 1, 10, 1, 1, '2025-08-05 07:01:57', '2025-08-05 07:01:57', '2025-08-05 07:01:57'),
	(11, 1, 11, 1, 1, '2025-08-05 07:01:57', '2025-08-05 07:01:57', '2025-08-05 07:01:57'),
	(12, 1, 12, 1, 1, '2025-08-05 07:01:57', '2025-08-05 07:01:57', '2025-08-05 07:01:57'),
	(13, 1, 13, 1, 1, '2025-08-05 07:01:57', '2025-08-05 07:01:57', '2025-08-05 07:01:57'),
	(14, 1, 14, 1, 1, '2025-08-05 07:01:57', '2025-08-05 07:01:57', '2025-08-05 07:01:57'),
	(15, 1, 15, 1, 1, '2025-08-05 07:01:57', '2025-08-05 07:01:57', '2025-08-05 07:01:57'),
	(16, 1, 16, 1, 1, '2025-08-05 07:01:57', '2025-08-05 07:01:57', '2025-08-05 07:01:57'),
	(17, 1, 17, 1, 1, '2025-08-05 07:01:57', '2025-08-05 07:01:57', '2025-08-05 07:01:57'),
	(18, 1, 18, 1, 1, '2025-08-05 07:01:57', '2025-08-05 07:01:57', '2025-08-05 07:01:57'),
	(19, 1, 19, 1, 1, '2025-08-05 07:01:57', '2025-08-05 07:01:57', '2025-08-05 07:01:57'),
	(20, 1, 20, 1, 1, '2025-08-05 07:01:57', '2025-08-05 07:01:57', '2025-08-05 07:01:57'),
	(21, 1, 21, 1, 1, '2025-08-05 07:01:57', '2025-08-05 07:01:57', '2025-08-05 07:01:57'),
	(22, 1, 22, 1, 1, '2025-08-05 07:01:57', '2025-08-05 07:01:57', '2025-08-05 07:01:57'),
	(23, 1, 23, 1, 1, '2025-08-05 07:01:57', '2025-08-05 07:01:57', '2025-08-05 07:01:57'),
	(24, 1, 24, 1, 1, '2025-08-05 07:01:57', '2025-08-05 07:01:57', '2025-08-05 07:01:57'),
	(25, 1, 25, 1, 1, '2025-08-05 07:01:57', '2025-08-05 07:01:57', '2025-08-05 07:01:57'),
	(26, 1, 26, 1, 1, '2025-08-05 07:01:57', '2025-08-05 07:01:57', '2025-08-05 07:01:57'),
	(27, 1, 27, 1, 1, '2025-08-05 07:01:57', '2025-08-05 07:01:57', '2025-08-05 07:01:57'),
	(28, 1, 28, 1, 1, '2025-08-05 07:01:57', '2025-08-05 07:01:57', '2025-08-05 07:01:57'),
	(29, 1, 29, 1, 1, '2025-08-05 07:01:57', '2025-08-05 07:01:57', '2025-08-05 07:01:57'),
	(30, 1, 30, 1, 1, '2025-08-05 07:01:57', '2025-08-05 07:01:57', '2025-08-05 07:01:57'),
	(31, 1, 31, 1, 1, '2025-08-05 07:01:57', '2025-08-05 07:01:57', '2025-08-05 07:01:57'),
	(32, 1, 32, 1, 1, '2025-08-05 07:01:57', '2025-08-05 07:01:57', '2025-08-05 07:01:57'),
	(33, 1, 33, 1, 1, '2025-08-05 07:01:57', '2025-08-05 07:01:57', '2025-08-05 07:01:57'),
	(34, 1, 34, 1, 1, '2025-08-05 07:01:57', '2025-08-05 07:01:57', '2025-08-05 07:01:57'),
	(35, 1, 35, 1, 1, '2025-08-05 07:01:57', '2025-08-05 07:01:57', '2025-08-05 07:01:57'),
	(36, 1, 36, 1, 1, '2025-08-05 07:01:57', '2025-08-05 07:01:57', '2025-08-05 07:01:57'),
	(37, 1, 37, 1, 1, '2025-08-05 07:01:57', '2025-08-05 07:01:57', '2025-08-05 07:01:57'),
	(38, 1, 38, 1, 1, '2025-08-05 07:01:57', '2025-08-05 07:01:57', '2025-08-05 07:01:57'),
	(39, 1, 39, 1, 1, '2025-08-05 07:01:57', '2025-08-05 07:01:57', '2025-08-05 07:01:57'),
	(40, 1, 40, 1, 1, '2025-08-05 07:01:57', '2025-08-05 07:01:57', '2025-08-05 07:01:57'),
	(41, 1, 41, 1, 1, '2025-08-05 07:01:57', '2025-08-05 07:01:57', '2025-08-05 07:01:57'),
	(42, 1, 42, 1, 1, '2025-08-05 07:01:57', '2025-08-05 07:01:57', '2025-08-05 07:01:57'),
	(43, 1, 43, 1, 1, '2025-08-05 07:01:57', '2025-08-05 07:01:57', '2025-08-05 07:01:57'),
	(44, 1, 44, 1, 1, '2025-08-05 07:01:57', '2025-08-05 07:01:57', '2025-08-05 07:01:57'),
	(45, 1, 45, 1, 1, '2025-08-05 07:01:57', '2025-08-05 07:01:57', '2025-08-05 07:01:57'),
	(46, 1, 46, 1, 1, '2025-08-05 07:01:57', '2025-08-05 07:01:57', '2025-08-05 07:01:57'),
	(47, 1, 47, 1, 1, '2025-08-05 07:01:57', '2025-08-05 07:01:57', '2025-08-05 07:01:57'),
	(48, 1, 48, 1, 1, '2025-08-05 07:01:57', '2025-08-05 07:01:57', '2025-08-05 07:01:57'),
	(49, 1, 49, 1, 1, '2025-08-05 07:01:57', '2025-08-05 07:01:57', '2025-08-05 07:01:57'),
	(50, 1, 50, 1, 1, '2025-08-05 07:01:57', '2025-08-05 07:01:57', '2025-08-05 07:01:57');

-- Dumping structure for table optima_db.sparepart
CREATE TABLE IF NOT EXISTS `sparepart` (
  `id_sparepart` int NOT NULL AUTO_INCREMENT,
  `kode` varchar(50) COLLATE utf8mb4_general_ci NOT NULL,
  `desc_sparepart` text COLLATE utf8mb4_general_ci NOT NULL,
  `created_at` timestamp NOT NULL DEFAULT CURRENT_TIMESTAMP,
  `updated_at` timestamp NOT NULL DEFAULT CURRENT_TIMESTAMP ON UPDATE CURRENT_TIMESTAMP,
  PRIMARY KEY (`id_sparepart`),
  UNIQUE KEY `kode` (`kode`)
) ENGINE=InnoDB AUTO_INCREMENT=12913 DEFAULT CHARSET=utf8mb4 COLLATE=utf8mb4_general_ci;

-- Dumping data for table optima_db.sparepart: ~13,168 rows (approximately)
REPLACE INTO `sparepart` (`id_sparepart`, `kode`, `desc_sparepart`, `created_at`, `updated_at`) VALUES
	(1, ' PL01-0105', 'GEAR REVERSE CLUTH 3302-64 / 33332-26600-71 TOYOTA 60-8FD25-30', '2025-07-23 04:19:46', '2025-07-23 04:19:46'),
	(2, ' TL01-0333', 'TIMAH 0,8', '2025-07-23 04:19:46', '2025-07-23 04:19:46'),
	(3, 'AT01-0000', 'BALE CLAMP OPEN RANGE 2400 MOUNTING CLASS 4 JUNG KYUNG (SPEC 7TON)', '2025-07-23 04:19:46', '2025-07-23 04:19:46'),
	(4, 'AT01-0001', 'BUSHING INNER 25x30x17', '2025-07-23 04:19:46', '2025-07-23 04:19:46'),
	(5, 'AT01-0002', 'CARTON CLAMP', '2025-07-23 04:19:46', '2025-07-23 04:19:46'),
	(6, 'AT01-0003', 'DOUBLE PALLET JUNGKYUNG JK4FC KAP.2200KG', '2025-07-23 04:19:46', '2025-07-23 04:19:46'),
	(7, 'AT01-0004', 'FORK POSITIONER-MEYER TYPE:6-8107H CAP:3500KG/at 500 mm', '2025-07-23 04:19:46', '2025-07-23 04:19:46'),
	(8, 'AT01-0005', 'SEPATU FORKLIFT 2.5 TON / 3 TON / 5 TON / 7 TON', '2025-07-23 04:19:46', '2025-07-23 04:19:46'),
	(9, 'AT01-0007', 'KABEL PTO 3000 MM DUTRO', '2025-07-23 04:19:46', '2025-07-23 04:19:46'),
	(10, 'AT01-0008', 'KABEL POMPA 4000 MM DUTRO DUMP TRUCK', '2025-07-23 04:19:46', '2025-07-23 04:19:46'),
	(11, 'AT01-0009', 'PAPER ROLL CLAMP', '2025-07-23 04:19:46', '2025-07-23 04:19:46'),
	(12, 'AT01-0010', 'RANTAI MAST BL-634 / 94230-50710 / STD MLH 3.3m CAT DP20-25', '2025-07-23 04:19:46', '2025-07-23 04:19:46'),
	(13, 'AT01-0011', 'RANTAI MAST BL-834, CAT 4 TON', '2025-07-23 04:19:46', '2025-07-23 04:19:46'),
	(14, 'AT01-0012', 'ROD CYLINDER FOR SIDE SHIFTER, DIAMETER 20', '2025-07-23 04:19:46', '2025-07-23 04:19:46'),
	(15, 'AT01-0014', 'SIDE SHIFTER-MEYER TYPE:1-9107H Cap:3500/500mm', '2025-07-23 04:19:46', '2025-07-23 04:19:46'),
	(16, 'AT01-0015', 'BUSHING 94104-10300 40X44X4, TILT CAT DP40N-KD', '2025-07-23 04:19:46', '2025-07-23 04:19:46'),
	(17, 'AT01-0016', 'SAMBUNGAN RANTAI / CONNECT LINK CL 16 B-1, NICHIYU FBR18-75C-700MSF', '2025-07-23 04:19:46', '2025-07-23 04:19:46'),
	(18, 'AT01-0017', 'UPPER BEARING SS012A01-0013, BUSHING SIDE SHIFTER MEYER', '2025-07-23 04:19:46', '2025-07-23 04:19:46'),
	(19, 'AT01-0018', 'LOWER HOOK PAD SS012A01-0015 /,101030701C BUSHING SIDE SHIFTER MEYER 2500KG/3500KG/4900KG', '2025-07-23 04:19:46', '2025-07-23 04:19:46'),
	(20, 'AT01-0019', 'LOWER PAD SS012A01-0014 /101030702C, BUSHING SIDE SHIFTER MEYER 2500KG', '2025-07-23 04:19:46', '2025-07-23 04:19:46'),
	(21, 'AT01-0020', 'LOWER PAD 101040246C SIDE MEYER 3500KG', '2025-07-23 04:19:46', '2025-07-23 04:19:46'),
	(22, 'AT01-0021', 'BUSHING / TEFLON DUDUKAN BATTERY JUNGHEINRICH', '2025-07-23 04:19:46', '2025-07-23 04:19:46'),
	(23, 'AT01-0022', 'PADS KIT FOR SIDE SHIFTER MEYER (UPPER BEARING SS21A01-0013 4PC, LOWER BEARING SS12A01-0015 2PC, LOWER BEARING SS12A01-0014 2PC)', '2025-07-23 04:19:46', '2025-07-23 04:19:46'),
	(24, 'AT01-0023', 'SAMBUNGAN RANTAI BL-634 C/L, CAT 2.5 TON', '2025-07-23 04:19:46', '2025-07-23 04:19:46'),
	(25, 'AT01-0024', 'BUSHING, MAST SUPPORT 76149-10110-71, TOYOTA 8FD25', '2025-07-23 04:19:46', '2025-07-23 04:19:46'),
	(26, 'AT01-0025', 'AS,PIN 28X213mm PAPER ROLL CLAMP CASCADE', '2025-07-23 04:19:46', '2025-07-23 04:19:46'),
	(27, 'AT01-0026', 'SAMBUNGAN RANTAI / CONNECT LINK BL-823, TOY 8FD25', '2025-07-23 04:19:46', '2025-07-23 04:19:46'),
	(28, 'AT01-0027', 'UPPER BEARING TEFLON SIDE SHIFTER, 3 TON', '2025-07-23 04:19:46', '2025-07-23 04:19:46'),
	(29, 'AT01-0028', 'COVER ( TUTUP PIN 0170061201 ) ROTATING ROLL CLAMP KAUP 3T458', '2025-07-23 04:19:46', '2025-07-23 04:19:46'),
	(30, 'AT01-0029', 'AS, PIN UK 34.8X262mm ( bolt 0190104003 ) PAPER ROLL CLAMP KAUP 3T458/MODOO', '2025-07-23 04:19:46', '2025-07-23 04:19:46'),
	(31, 'AT01-0030', 'AS, PIN UK 40X345MM CARTON CLAMP', '2025-07-23 04:19:46', '2025-07-23 04:19:46'),
	(32, 'AT01-0032', 'SAMBUNGAN RANTAI / CONNECT LINK BL-1023 CAT/MITS DP40N', '2025-07-23 04:19:46', '2025-07-23 04:19:46'),
	(33, 'AT01-0033', 'BUSHING 25X28X17, BRACKET YALE', '2025-07-23 04:19:46', '2025-07-23 04:19:46'),
	(34, 'AT01-0034', 'WORM SHAFT,RF2001-A400B.MODOO', '2025-07-23 04:19:46', '2025-07-23 04:19:46'),
	(35, 'AT01-0035', 'WORM WHEEL,RF2001-A600B.MODOO', '2025-07-23 04:19:46', '2025-07-23 04:19:46'),
	(36, 'AT01-0036', 'BUSHING, MAST SUPPORT, SUMITOMO', '2025-07-23 04:19:46', '2025-07-23 04:19:46'),
	(37, 'AT01-0037', 'KARET KONVEYER 12,5mmx1M SERAT', '2025-07-23 04:19:46', '2025-07-23 04:19:46'),
	(38, 'AT01-0038', 'BALE CLAMP TYPE KBC 22A-04B CAP 2200/KG 600MM L.C OR 520-2120MM AS 450X1000MM IW SIDESHIFTING TYPE CT CASS 3A(F/L CAP 3.5 TON) ATT WEIGHT 565 KG', '2025-07-23 04:19:46', '2025-07-23 04:19:46'),
	(39, 'AT01-0039', 'SIDE SHIFTER MEYER TYPE 1-9107H CAP:3500KG/AT 500MM L.C ISO CLASS 3A (F/L CAP 3.5 TON )', '2025-07-23 04:19:46', '2025-07-23 04:19:46'),
	(40, 'AT01-0040', 'BUSHING, MAST SUPPORT, 14602-84530 NICHIYU FB25-30P', '2025-07-23 04:19:46', '2025-07-23 04:19:46'),
	(41, 'AT01-0041', 'FM-X 14  COLD STORE VERSION, UP TO-30°, CLOSED HEIGHT:2.800 MM, RATED LIFT:6.800 MM, HYDRAULIC CONTROL: 5 LEVERS CENTRAL CONTROL UNIT TO OPERATE LIFT.', '2025-07-23 04:19:46', '2025-07-23 04:19:46'),
	(42, 'AT01-0042', 'REACH FORKS BOLZONI AURAMO TYPE RS20EOA - 1350 CLASS 2A', '2025-07-23 04:19:46', '2025-07-23 04:19:46'),
	(43, 'AT01-0043', 'CAT GP25ND NO MAST/FORK (INCLUDE LPG TANK + BRACKET)', '2025-07-23 04:19:46', '2025-07-23 04:19:46'),
	(44, 'AT01-0044', 'CAP-BODY FIXING SIDE SHIFTER (10103004C) MEYER 2,5', '2025-07-23 04:19:46', '2025-07-23 04:19:46'),
	(45, 'AT01-0045', 'LOWER PAD 101050305C SIDE SHIFTER MEYER 4900KG', '2025-07-23 04:19:46', '2025-07-23 04:19:46'),
	(46, 'AT01-0047', 'AS, PIN UK 39.8mmX340mm (10mmX8mm) PAPER ROLL CLAMP MOODO', '2025-07-23 04:19:46', '2025-07-23 04:19:46'),
	(47, 'AT01-0048', 'AS, PIN UK 31,5MMX330MM  PAPPER ROLL CLAMP CASCADE', '2025-07-23 04:19:46', '2025-07-23 04:19:46'),
	(48, 'AT01-0049', 'IMPRABOARD (POLYCARBONATE)', '2025-07-23 04:19:46', '2025-07-23 04:19:46'),
	(49, 'AT01-0050', 'ROTATING ROLL CLAMP 3T458 (8800013728/001) 1600MM KAUP', '2025-07-23 04:19:46', '2025-07-23 04:19:46'),
	(50, 'AT01-0051', 'ROTATING ROLL CLAMP 3T458 (8800013728/002) 1600MM KAUP', '2025-07-23 04:19:46', '2025-07-23 04:19:46'),
	(51, 'AT01-0052', 'ROTATING ROLL CLAMP 3T458 (8800013728/003) 1600MM KAUP', '2025-07-23 04:19:46', '2025-07-23 04:19:46'),
	(52, 'AT01-0053', 'ROTATING ROLL CLAMP 2T458 (8800013729/001) 1350MM KAUP', '2025-07-23 04:19:46', '2025-07-23 04:19:46'),
	(53, 'AT01-0054', 'ROTATING ROLL CLAMP 2T458 (8800013729/002) 1350MM KAUP', '2025-07-23 04:19:46', '2025-07-23 04:19:46'),
	(54, 'AT01-0055', 'ROTATING TISSUE ROLL CLAMP 4T458T (8800015112) 2100MM KAUP', '2025-07-23 04:19:46', '2025-07-23 04:19:46'),
	(55, 'AT01-0056', 'ROTATING ROLL CLAMP 4T458 (88000151411) 1600MM KAUP', '2025-07-23 04:19:46', '2025-07-23 04:19:46'),
	(56, 'AT01-0057', 'ROTATING TISSUE ROLL CLAMP 4T458T (8800015605) 2100MM KAUP', '2025-07-23 04:19:46', '2025-07-23 04:19:46'),
	(57, 'AT01-0058', 'SIDE SHIFTER 2T151P4N/8800013082/011 KAUP', '2025-07-23 04:19:46', '2025-07-23 04:19:46'),
	(58, 'AT01-0059', 'SIDE SHIFTER 2T151P4N/8800013082/012 KAUP', '2025-07-23 04:19:46', '2025-07-23 04:19:46'),
	(59, 'AT01-0060', 'SIDE SHIFTER 2T151P4N/8800013082/013 KAUP', '2025-07-23 04:19:46', '2025-07-23 04:19:46'),
	(60, 'AT01-0061', 'SIDE SHIFTER 2T151P4N/8800013082/014 KAUP', '2025-07-23 04:19:46', '2025-07-23 04:19:46'),
	(61, 'AT01-0062', 'SIDE SHIFTER 2T151P4N/8800013082/015 KAUP', '2025-07-23 04:19:46', '2025-07-23 04:19:46'),
	(62, 'AT01-0063', 'SIDE SHIFTER 3T151P4N/8800013084/001 KAUP', '2025-07-23 04:19:46', '2025-07-23 04:19:46'),
	(63, 'AT01-0064', 'SIDE SHIFTER 3T151P4N/8800013084/002 KAUP', '2025-07-23 04:19:46', '2025-07-23 04:19:46'),
	(64, 'AT01-0065', 'SIDE SHIFTER 3T151P4N/8800013084/003 KAUP', '2025-07-23 04:19:46', '2025-07-23 04:19:46'),
	(65, 'AT01-0066', 'SIDE SHIFTER 3T151P4N/8800013084/004 KAUP', '2025-07-23 04:19:46', '2025-07-23 04:19:46'),
	(66, 'AT01-0067', 'SIDE SHIFTER 3T151P4N/8800013084/006 KAUP', '2025-07-23 04:19:46', '2025-07-23 04:19:46'),
	(67, 'AT01-0068', 'RANTAI MAST/CHAIN LIFT M.L.H 60M / 94430-80760 ( BL-1023 ) CAT / MITS DP40N-DP50CN', '2025-07-23 04:19:46', '2025-07-23 04:19:46'),
	(68, 'AT01-0069', 'RANTAI / CHAIN ( 77 LINKX2E )-MFH 3000 MM A136827 DOOSAN 70S-5', '2025-07-23 04:19:46', '2025-07-23 04:19:46'),
	(69, 'AT01-0070', 'SHAFT A137068 DOOSAN D70S-5', '2025-07-23 04:19:46', '2025-07-23 04:19:46');

-- Dumping structure for table optima_db.spk
CREATE TABLE IF NOT EXISTS `spk` (
  `id` int unsigned NOT NULL AUTO_INCREMENT,
  `nomor_spk` varchar(100) COLLATE utf8mb4_general_ci NOT NULL,
  `jenis_spk` enum('UNIT','ATTACHMENT','TUKAR') COLLATE utf8mb4_general_ci NOT NULL DEFAULT 'UNIT',
  `kontrak_id` int unsigned DEFAULT NULL,
  `po_kontrak_nomor` varchar(100) COLLATE utf8mb4_general_ci DEFAULT NULL,
  `pelanggan` varchar(255) COLLATE utf8mb4_general_ci NOT NULL,
  `pic` varchar(255) COLLATE utf8mb4_general_ci DEFAULT NULL,
  `kontak` varchar(255) CHARACTER SET utf8mb4 COLLATE utf8mb4_general_ci DEFAULT NULL,
  `lokasi` varchar(255) COLLATE utf8mb4_general_ci DEFAULT NULL,
  `delivery_plan` date DEFAULT NULL,
  `spesifikasi` json DEFAULT NULL,
  `status` enum('DRAFT','SUBMITTED','IN_PROGRESS','READY','COMPLETED','DELIVERED','CANCELLED') COLLATE utf8mb4_general_ci NOT NULL DEFAULT 'SUBMITTED',
  `persiapan_unit_mekanik` varchar(100) COLLATE utf8mb4_general_ci DEFAULT NULL,
  `persiapan_unit_estimasi_mulai` date DEFAULT NULL,
  `persiapan_unit_estimasi_selesai` date DEFAULT NULL,
  `persiapan_unit_tanggal_approve` datetime DEFAULT NULL,
  `persiapan_unit_id` int DEFAULT NULL,
  `persiapan_aksesoris_tersedia` text COLLATE utf8mb4_general_ci,
  `fabrikasi_mekanik` varchar(100) COLLATE utf8mb4_general_ci DEFAULT NULL,
  `fabrikasi_estimasi_mulai` date DEFAULT NULL,
  `fabrikasi_estimasi_selesai` date DEFAULT NULL,
  `fabrikasi_tanggal_approve` datetime DEFAULT NULL,
  `fabrikasi_attachment_id` int DEFAULT NULL,
  `painting_mekanik` varchar(100) COLLATE utf8mb4_general_ci DEFAULT NULL,
  `painting_estimasi_mulai` date DEFAULT NULL,
  `painting_estimasi_selesai` date DEFAULT NULL,
  `painting_tanggal_approve` datetime DEFAULT NULL,
  `pdi_mekanik` varchar(100) COLLATE utf8mb4_general_ci DEFAULT NULL,
  `pdi_estimasi_mulai` date DEFAULT NULL,
  `pdi_estimasi_selesai` date DEFAULT NULL,
  `pdi_tanggal_approve` datetime DEFAULT NULL,
  `pdi_catatan` text COLLATE utf8mb4_general_ci,
  `catatan` text COLLATE utf8mb4_general_ci,
  `dibuat_oleh` int unsigned DEFAULT NULL,
  `dibuat_pada` datetime DEFAULT CURRENT_TIMESTAMP,
  `diperbarui_pada` datetime DEFAULT CURRENT_TIMESTAMP ON UPDATE CURRENT_TIMESTAMP,
  PRIMARY KEY (`id`),
  UNIQUE KEY `uk_nomor_spk` (`nomor_spk`),
  KEY `idx_spk_status` (`status`),
  KEY `idx_spk_po_kontrak_nomor` (`po_kontrak_nomor`),
  KEY `idx_spk_jenis` (`jenis_spk`),
  KEY `idx_spk_kontrak_id` (`kontrak_id`)
) ENGINE=InnoDB AUTO_INCREMENT=15 DEFAULT CHARSET=utf8mb4 COLLATE=utf8mb4_general_ci;

-- Dumping data for table optima_db.spk: ~14 rows (approximately)
REPLACE INTO `spk` (`id`, `nomor_spk`, `jenis_spk`, `kontrak_id`, `po_kontrak_nomor`, `pelanggan`, `pic`, `kontak`, `lokasi`, `delivery_plan`, `spesifikasi`, `status`, `persiapan_unit_mekanik`, `persiapan_unit_estimasi_mulai`, `persiapan_unit_estimasi_selesai`, `persiapan_unit_tanggal_approve`, `persiapan_unit_id`, `persiapan_aksesoris_tersedia`, `fabrikasi_mekanik`, `fabrikasi_estimasi_mulai`, `fabrikasi_estimasi_selesai`, `fabrikasi_tanggal_approve`, `fabrikasi_attachment_id`, `painting_mekanik`, `painting_estimasi_mulai`, `painting_estimasi_selesai`, `painting_tanggal_approve`, `pdi_mekanik`, `pdi_estimasi_mulai`, `pdi_estimasi_selesai`, `pdi_tanggal_approve`, `pdi_catatan`, `catatan`, `dibuat_oleh`, `dibuat_pada`, `diperbarui_pada`) VALUES
	(1, 'SPK/202508/001', 'UNIT', NULL, 'PO-CL-0488', 'PT. Angkasa Kargo', NULL, NULL, 'Area Kargo Bandara Soekarno-Hatta', NULL, '{"ban_id": "6", "mast_id": "14", "roda_id": "1", "selected": {"unit_id": 7, "inventory_attachment_id": 1}, "valve_id": "2", "aksesoris": ["Lampu-lampu", "Rotary Lamp", "Back Buzzer", "Camera AI", "Apar 3kg", "Horn Speaker", "Sensor Parking", "Bio Metric", "Horn (klakson)", "P3K", "Safety Belt Interloc", "Telematic"], "merk_unit": "CAT", "tipe_jenis": "DUMP TRUCK", "kapasitas_id": "41", "departemen_id": "2", "jenis_baterai": "Lead Acid", "attachment_merk": "CASCADE", "attachment_tipe": "FORK POSITIONER"}', 'COMPLETED', NULL, NULL, NULL, NULL, 1, NULL, NULL, NULL, NULL, NULL, NULL, NULL, NULL, NULL, NULL, NULL, NULL, NULL, NULL, NULL, NULL, 1, '2025-08-14 06:46:06', '2025-08-16 21:00:03'),
	(2, 'SPK/202508/002', 'UNIT', NULL, 'PO-CL-0511', 'PT. Samudera Logistik', NULL, NULL, 'Tanjung Priok', NULL, '{"ban_id": "2", "mast_id": "17", "roda_id": "1", "selected": {"unit_id": 4, "inventory_attachment_id": 6}, "valve_id": "2", "aksesoris": ["Lampu-lampu", "Rotary Lamp", "Blue Light Spot", "Red Line", "Work Light", "Back Buzzer", "Voice Announcer", "Horn Speaker", "Sensor Parking", "Bio Metric", "Horn (klakson)", "P3K", "Safety Belt Interloc"], "merk_unit": "HELI", "tipe_jenis": "COUNTER BALANCE", "kapasitas_id": "43", "departemen_id": "2", "jenis_baterai": "Lead Acid", "attachment_merk": "CASCADE", "attachment_tipe": "FORKLIFT SCALE"}', 'COMPLETED', NULL, NULL, NULL, NULL, 2, NULL, NULL, NULL, NULL, NULL, NULL, NULL, NULL, NULL, NULL, NULL, NULL, NULL, NULL, NULL, NULL, 1, '2025-08-14 07:05:59', '2025-08-16 21:00:03'),
	(3, 'SPK/202508/003', 'UNIT', NULL, 'PO-CL-0350', 'PT. Maju Bersama Sejahtera', NULL, NULL, 'Sunter, Jakarta Utara', NULL, '{"ban_id": "5", "mast_id": "17", "roda_id": "4", "selected": {"unit_id": 7, "inventory_attachment_id": 5}, "valve_id": "1", "aksesoris": ["Lampu-lampu", "Red Line", "Back Buzzer", "Camera", "Camera AI", "Speed Limitter", "Apar 1kg", "Apar 3kg", "P3K", "Safety Belt Interloc", "Beacon"], "merk_unit": "LOGITRANS", "tipe_jenis": "TOWING", "kapasitas_id": "42", "departemen_id": "2", "jenis_baterai": "Lead Acid", "attachment_merk": "CASCADE", "attachment_tipe": "FORK POSITIONER"}', 'READY', NULL, NULL, NULL, NULL, 3, NULL, NULL, NULL, NULL, NULL, NULL, NULL, NULL, NULL, NULL, NULL, NULL, NULL, NULL, NULL, NULL, 1, '2025-08-14 08:01:08', '2025-08-16 21:00:03'),
	(4, 'SPK/202508/004', 'UNIT', NULL, 'test/1/1/2', 'ADIT', NULL, NULL, '123', NULL, '{"ban_id": "4", "mast_id": "17", "roda_id": "1", "selected": {"unit_id": 7, "inventory_attachment_id": 4}, "valve_id": "3", "aksesoris": ["Lampu-lampu", "Blue Light Spot", "Back Buzzer", "Camera AI", "Laser Fork", "Voice Announcer", "Sensor Parking", "Bio Metric", "P3K", "Safety Belt Interloc", "Beacon"], "merk_unit": "HYSTER", "tipe_jenis": "SCRUBER", "kapasitas_id": "43", "departemen_id": "1", "jenis_baterai": "Lithium-ion", "model_unit_id": "198", "attachment_merk": "COMPULOAD", "attachment_tipe": "FORK POSITIONER"}', 'COMPLETED', NULL, NULL, NULL, NULL, 4, NULL, NULL, NULL, NULL, NULL, NULL, NULL, NULL, NULL, NULL, NULL, NULL, NULL, NULL, NULL, NULL, 1, '2025-08-15 09:42:53', '2025-08-18 07:42:28'),
	(5, 'SPK/202508/005', 'UNIT', NULL, 'test/1/1/2', 'ADIT', NULL, NULL, '123', '2025-08-18', '{"ban_id": "5", "mast_id": "17", "roda_id": "1", "selected": {"unit_id": 9, "inventory_attachment_id": 6}, "valve_id": "2", "aksesoris": ["Rotary Lamp", "Blue Light Spot", "Red Line", "Work Light", "Sensor Parking", "Bio Metric", "Horn (klakson)", "P3K", "Safety Belt Interloc"], "merk_unit": "KOMATSU", "tipe_jenis": "COMPACTOR / VIBRO", "kapasitas_id": "43", "departemen_id": "1", "jenis_baterai": "", "model_unit_id": "252", "attachment_merk": "CASCADE", "attachment_tipe": "FORK POSITIONER"}', 'COMPLETED', NULL, NULL, NULL, NULL, 1, NULL, NULL, NULL, NULL, NULL, NULL, NULL, NULL, NULL, NULL, NULL, NULL, NULL, NULL, NULL, NULL, 1, '2025-08-16 02:21:30', '2025-08-16 21:05:42'),
	(6, 'SPK/202508/006', 'UNIT', NULL, 'test/1/1/1', 'ADIT', NULL, NULL, '123', '2025-08-18', '{"ban_id": "6", "mast_id": "14", "roda_id": "1", "valve_id": "2", "aksesoris": ["Lampu-lampu", "Rotary Lamp", "Blue Light Spot", "Laser Fork", "Voice Announcer", "Horn Speaker", "Sensor Parking"], "merk_unit": "KOMATSU", "tipe_jenis": "PALLET MOVER", "kapasitas_id": "40", "departemen_id": "2", "jenis_baterai": "Lead Acid", "model_unit_id": "253", "attachment_merk": "COMPULOAD", "attachment_tipe": "FORK POSITIONER"}', 'IN_PROGRESS', 'IYAN', '2025-08-16', '2025-08-16', '2025-08-16 03:25:25', 2, NULL, 'IYAN', '2025-08-16', '2025-08-16', '2025-08-16 03:25:36', NULL, 'IYAN', '2025-08-16', '2025-08-16', '2025-08-16 03:25:40', 'IYAN', '2025-08-16', '2025-08-16', '2025-08-16 03:25:44', NULL, NULL, 1, '2025-08-16 02:56:25', '2025-08-16 21:05:42'),
	(7, 'SPK/202508/007', 'UNIT', NULL, 'test/1/1/2', 'ADIT', NULL, NULL, '123', '2025-08-16', '{"ban_id": "3", "mast_id": "22", "roda_id": "3", "valve_id": "2", "aksesoris": ["Lampu-lampu", "Rotary Lamp", "Blue Light Spot", "Red Line", "Laser Fork", "Voice Announcer", "Horn Speaker", "Sensor Parking"], "merk_unit": "KOMATSU", "tipe_jenis": "SCRUBER", "kapasitas_id": "41", "departemen_id": "2", "jenis_baterai": "Lead Acid", "model_unit_id": "254", "attachment_merk": "CASCADE", "attachment_tipe": "FORK POSITIONER"}', 'COMPLETED', 'IYAN', '2025-08-16', '2025-08-16', '2025-08-16 04:12:48', 1, '["Lampu-lampu","Rotary Lamp","Blue Light Spot","Red Line","Laser Fork","Voice Announcer","Horn Speaker"]', 'IYAN', '2025-08-16', '2025-08-16', '2025-08-16 04:13:08', 2, 'IYAN', '2025-08-16', '2025-08-16', '2025-08-16 04:13:14', 'IYAN', '2025-08-16', '2025-08-16', '2025-08-16 04:13:32', 'tidak ada sensor parking', NULL, 1, '2025-08-16 03:54:30', '2025-08-18 06:44:27'),
	(8, 'SPK/202508/008', 'UNIT', NULL, 'test/1/1/2', 'ADIT', NULL, NULL, '123', '2025-08-19', '{"ban_id": "2", "mast_id": "17", "roda_id": "4", "valve_id": "2", "aksesoris": ["Lampu-lampu", "Rotary Lamp", "Blue Light Spot", "Red Line", "Work Light", "Laser Fork", "Voice Announcer", "Horn Speaker", "Sensor Parking", "Bio Metric"], "merk_unit": "HELI", "tipe_jenis": "COUNTER BALANCE", "kapasitas_id": "41", "departemen_id": "3", "jenis_baterai": "Lead Acid", "model_unit_id": "146", "attachment_merk": "COMPULOAD", "attachment_tipe": "FORK POSITIONER"}', 'IN_PROGRESS', 'JOHANA - DEPI', '2025-08-16', '2025-08-16', '2025-08-16 04:46:11', 3, '["Lampu-lampu","Rotary Lamp","Blue Light Spot","Red Line","Work Light","Laser Fork","Voice Announcer","Horn Speaker"]', NULL, NULL, NULL, NULL, NULL, NULL, NULL, NULL, NULL, NULL, NULL, NULL, NULL, NULL, NULL, 1, '2025-08-16 04:45:17', '2025-08-16 21:05:42'),
	(9, 'SPK/202508/009', 'UNIT', NULL, 'test/1/1/2', 'ADIT', NULL, NULL, '123', '2025-08-15', '{"ban_id": "4", "mast_id": "1", "roda_id": "1", "valve_id": "3", "aksesoris": ["Lampu-lampu", "Rotary Lamp", "Blue Light Spot", "Red Line"], "merk_unit": "KOMATSU", "tipe_jenis": "DUMP TRUCK", "kapasitas_id": "9", "departemen_id": "1", "jenis_baterai": "Lithium-ion", "model_unit_id": "250", "attachment_merk": "CASCADE", "attachment_tipe": "FORK"}', 'COMPLETED', 'JOHANA - DEPI', '2025-08-18', '2025-08-18', '2025-08-16 13:18:49', 4, '["Lampu-lampu","Rotary Lamp","Blue Light Spot","Red Line"]', 'IYAN', '2025-08-16', '2025-08-16', '2025-08-16 13:19:11', 3, 'IYAN', '2025-08-16', '2025-08-16', '2025-08-16 13:19:16', 'IYAN', '2025-08-16', '2025-08-16', '2025-08-16 13:20:03', 'ok', NULL, 1, '2025-08-16 12:47:25', '2025-08-18 04:13:18'),
	(10, 'SPK/202508/010', 'UNIT', NULL, 'test/1/1/1', 'ADIT', NULL, NULL, '123', '2025-08-16', '{"ban_id": "4", "mast_id": "22", "roda_id": "3", "valve_id": "3", "aksesoris": ["Horn Speaker", "Bio Metric", "Horn (klakson)", "P3K"], "merk_unit": "HELI", "tipe_jenis": "PALLET MOVER", "kapasitas_id": "40", "departemen_id": "2", "jenis_baterai": "Lead Acid", "model_unit_id": "132", "attachment_merk": "COMPULOAD", "attachment_tipe": "FORK POSITIONER"}', 'IN_PROGRESS', 'IYAN', '2025-08-16', '2025-08-16', '2025-08-16 14:59:26', 12, '["Horn Speaker","Bio Metric","Horn (klakson)"]', NULL, NULL, NULL, NULL, NULL, NULL, NULL, NULL, NULL, NULL, NULL, NULL, NULL, NULL, NULL, 1, '2025-08-16 13:36:27', '2025-08-16 14:59:26'),
	(11, 'SPK/202508/011', 'UNIT', NULL, 'test/1/1/2', 'ADIT', NULL, NULL, '123', '2025-08-16', '{"ban_id": "6", "mast_id": "13", "roda_id": "3", "valve_id": "1", "aksesoris": ["Sensor Parking", "Bio Metric", "Horn (klakson)", "P3K"], "merk_unit": "HANGCHA", "tipe_jenis": "COMPACTOR / VIBRO", "kapasitas_id": "40", "departemen_id": "1", "jenis_baterai": "Lithium-ion", "model_unit_id": "116", "attachment_merk": "COMPULOAD", "attachment_tipe": "FORK POSITIONER"}', 'COMPLETED', 'IYAN', '2025-08-16', '2025-08-16', '2025-08-16 14:50:45', 12, '["Sensor Parking","Bio Metric","Horn (klakson)","P3K"]', 'ARIZAL-EKA', '2025-08-18', '2025-08-18', '2025-08-18 01:31:23', 3, 'SAMSURI-RIKI', '2025-08-18', '2025-08-18', '2025-08-18 01:31:32', 'IYAN', '2025-08-16', '2025-08-16', '2025-08-18 01:31:39', 'a', NULL, 1, '2025-08-16 14:12:06', '2025-08-18 03:53:35'),
	(12, 'SPK/202508/012', 'UNIT', NULL, 'test/1/1/2', 'ADIT', NULL, NULL, '123', '2025-08-19', '{"ban_id": "2", "mast_id": "15", "roda_id": "1", "valve_id": "2", "aksesoris": ["Lampu-lampu", "Red Line", "Work Light", "Bio Metric", "Horn (klakson)", "P3K"], "merk_unit": "BT", "tipe_jenis": "SCRUBER", "kapasitas_id": "43", "departemen_id": "2", "jenis_baterai": "Lithium-ion", "model_unit_id": "2", "attachment_merk": "CASCADE", "attachment_tipe": "FORK"}', 'IN_PROGRESS', 'IYAN', '2025-08-16', '2025-08-16', '2025-08-18 02:33:12', 10, '["Lampu-lampu","Red Line","Work Light"]', NULL, NULL, NULL, NULL, NULL, NULL, NULL, NULL, NULL, NULL, NULL, NULL, NULL, NULL, NULL, 1, '2025-08-18 02:32:15', '2025-08-18 02:33:12'),
	(13, 'SPK/202508/013', 'UNIT', NULL, 'test/1/1/2', 'ADIT', NULL, NULL, '123', '2025-08-13', '{"ban_id": "3", "mast_id": "14", "roda_id": "4", "valve_id": "1", "aksesoris": ["Lampu-lampu", "Rotary Lamp", "Blue Light Spot", "Red Line"], "merk_unit": "LOGITRANS", "tipe_jenis": "COMPACTOR / VIBRO", "kapasitas_id": "41", "departemen_id": "1", "jenis_baterai": "Lead Acid", "model_unit_id": "259", "attachment_merk": "COMPULOAD", "attachment_tipe": "FORK POSITIONER"}', 'READY', 'IYAN', '2025-08-16', '2025-08-16', '2025-08-18 02:34:06', 7, '["Lampu-lampu","Rotary Lamp","Blue Light Spot"]', 'ARIZAL-EKA', '2025-08-18', '2025-08-18', '2025-08-18 10:15:55', 3, 'SAMSURI-RIKI', '2025-08-18', '2025-08-18', '2025-08-18 10:15:58', 'IYAN', '2025-08-16', '2025-08-16', '2025-08-18 10:16:04', 'assdea', NULL, 1, '2025-08-18 02:33:49', '2025-08-18 10:16:04'),
	(14, 'SPK/202508/014', 'UNIT', NULL, '1233', 'kaleng', 'joko', '082134555233', 'kaaleng', '2025-08-20', '{"ban_id": "6", "mast_id": "15", "roda_id": "1", "valve_id": "1", "aksesoris": ["Lampu-lampu", "Red Line", "Work Light", "Back Buzzer", "Camera", "Laser Fork", "Voice Announcer", "Sensor Parking", "Bio Metric", "Horn (klakson)"], "merk_unit": "JUNGHEINRICH", "tipe_jenis": "COMPACTOR / VIBRO", "kapasitas_id": "40", "departemen_id": "1", "jenis_baterai": "Lithium-ion", "model_unit_id": "216", "attachment_merk": "CASCADE", "attachment_tipe": "FORKLIFT SCALE"}', 'COMPLETED', 'IYAN', '2025-08-16', '2025-08-16', '2025-08-19 02:48:52', 5, '["Lampu-lampu","Red Line","Work Light","Back Buzzer","Camera","Laser Fork","Voice Announcer"]', 'ARIZAL-EKA', '2025-08-18', '2025-08-18', '2025-08-19 02:48:57', 3, 'SAMSURI-RIKI', '2025-08-18', '2025-08-18', '2025-08-19 02:49:01', 'IYAN', '2025-08-16', '2025-08-16', '2025-08-19 02:49:07', 'ok', NULL, 1, '2025-08-19 02:48:19', '2025-08-19 02:54:26');

-- Dumping structure for table optima_db.spk_status_history
CREATE TABLE IF NOT EXISTS `spk_status_history` (
  `id` int unsigned NOT NULL AUTO_INCREMENT,
  `spk_id` int unsigned NOT NULL,
  `status_from` enum('DRAFT','SUBMITTED','IN_PROGRESS','READY','COMPLETED','DELIVERED','CANCELLED') COLLATE utf8mb4_general_ci DEFAULT NULL,
  `status_to` enum('DRAFT','SUBMITTED','IN_PROGRESS','READY','COMPLETED','DELIVERED','CANCELLED') COLLATE utf8mb4_general_ci NOT NULL,
  `changed_by` int unsigned DEFAULT NULL,
  `note` varchar(255) COLLATE utf8mb4_general_ci DEFAULT NULL,
  `changed_at` datetime NOT NULL DEFAULT CURRENT_TIMESTAMP,
  PRIMARY KEY (`id`),
  KEY `idx_spk_status_history_spk` (`spk_id`),
  CONSTRAINT `fk_spk_status_spk` FOREIGN KEY (`spk_id`) REFERENCES `spk` (`id`) ON DELETE CASCADE
) ENGINE=InnoDB AUTO_INCREMENT=19 DEFAULT CHARSET=utf8mb4 COLLATE=utf8mb4_general_ci;

-- Dumping data for table optima_db.spk_status_history: ~17 rows (approximately)
REPLACE INTO `spk_status_history` (`id`, `spk_id`, `status_from`, `status_to`, `changed_by`, `note`, `changed_at`) VALUES
	(1, 1, 'SUBMITTED', 'IN_PROGRESS', 1, NULL, '2025-08-14 06:46:43'),
	(2, 1, 'IN_PROGRESS', 'READY', 1, NULL, '2025-08-14 06:47:03'),
	(3, 2, 'SUBMITTED', 'READY', 1, 'Items assigned by Service', '2025-08-14 07:06:49'),
	(4, 1, 'READY', 'COMPLETED', 1, 'DI dibuat oleh Marketing', '2025-08-14 07:54:59'),
	(5, 2, 'READY', 'COMPLETED', 1, 'DI dibuat oleh Marketing', '2025-08-14 07:56:20'),
	(6, 3, 'SUBMITTED', 'READY', 1, 'Items assigned by Service', '2025-08-14 08:43:46'),
	(7, 3, 'READY', 'COMPLETED', 1, 'DI dibuat oleh Marketing', '2025-08-14 08:46:04'),
	(8, 3, 'COMPLETED', 'READY', 1, 'Items assigned by Service', '2025-08-14 08:52:01'),
	(9, 3, 'READY', 'COMPLETED', 1, 'DI dibuat oleh Marketing', '2025-08-14 08:52:37'),
	(10, 3, 'COMPLETED', 'READY', 1, 'Items assigned by Service', '2025-08-14 08:59:03'),
	(11, 4, 'SUBMITTED', 'READY', 1, 'Items assigned by Service', '2025-08-16 01:23:28'),
	(12, 5, 'IN_PROGRESS', 'READY', 1, 'Items assigned by Service', '2025-08-16 02:53:15'),
	(13, 5, 'READY', 'COMPLETED', 1, 'DI dibuat oleh Marketing', '2025-08-16 02:54:16'),
	(14, 11, 'READY', 'COMPLETED', 1, 'DI dibuat oleh Marketing', '2025-08-18 03:53:35'),
	(15, 9, 'READY', 'COMPLETED', 1, 'DI dibuat oleh Marketing', '2025-08-18 04:13:18'),
	(16, 7, 'READY', 'COMPLETED', 1, 'DI dibuat oleh Marketing', '2025-08-18 06:44:27'),
	(17, 4, 'READY', 'COMPLETED', 1, 'DI dibuat oleh Marketing', '2025-08-18 07:42:28'),
	(18, 14, 'READY', 'COMPLETED', 1, 'DI dibuat oleh Marketing', '2025-08-19 02:54:26');

-- Dumping structure for table optima_db.spk_units
CREATE TABLE IF NOT EXISTS `spk_units` (
  `id` int unsigned NOT NULL AUTO_INCREMENT,
  `spk_id` int unsigned NOT NULL,
  `unit_id` int unsigned DEFAULT NULL,
  `keterangan` varchar(255) COLLATE utf8mb4_general_ci DEFAULT NULL,
  PRIMARY KEY (`id`),
  KEY `fk_spk_units_spk` (`spk_id`)
) ENGINE=InnoDB DEFAULT CHARSET=utf8mb4 COLLATE=utf8mb4_general_ci;

-- Dumping data for table optima_db.spk_units: ~0 rows (approximately)

-- Dumping structure for table optima_db.status_unit
CREATE TABLE IF NOT EXISTS `status_unit` (
  `id_status` int NOT NULL AUTO_INCREMENT,
  `status_unit` varchar(50) NOT NULL,
  PRIMARY KEY (`id_status`)
) ENGINE=InnoDB AUTO_INCREMENT=10 DEFAULT CHARSET=utf8mb4 COLLATE=utf8mb4_0900_ai_ci;

-- Dumping data for table optima_db.status_unit: ~9 rows (approximately)
REPLACE INTO `status_unit` (`id_status`, `status_unit`) VALUES
	(1, 'WORKSHOP-HIDUP'),
	(2, 'WORKSHOP-RUSAK'),
	(3, 'RENTAL'),
	(4, 'UNIT PULANG'),
	(5, 'UNIT HARIAN'),
	(6, 'BOOKING'),
	(7, 'STOCK ASET'),
	(8, 'STOCK NON ASET'),
	(9, 'JUAL');

-- Dumping structure for table optima_db.suppliers
CREATE TABLE IF NOT EXISTS `suppliers` (
  `id_supplier` int NOT NULL AUTO_INCREMENT,
  `nama_supplier` varchar(150) NOT NULL,
  `kontak_person` varchar(100) DEFAULT NULL,
  `telepon` varchar(50) DEFAULT NULL,
  `alamat` text,
  `created_at` timestamp NULL DEFAULT CURRENT_TIMESTAMP,
  `updated_at` datetime DEFAULT NULL,
  PRIMARY KEY (`id_supplier`)
) ENGINE=InnoDB AUTO_INCREMENT=4 DEFAULT CHARSET=utf8mb4 COLLATE=utf8mb4_0900_ai_ci;

-- Dumping data for table optima_db.suppliers: ~3 rows (approximately)
REPLACE INTO `suppliers` (`id_supplier`, `nama_supplier`, `kontak_person`, `telepon`, `alamat`, `created_at`, `updated_at`) VALUES
	(1, 'PT. Forklift Jaya Abadi', 'Bapak Budi', '081234567890', NULL, '2025-07-16 03:43:59', NULL),
	(2, 'CV. Sinar Baterai', 'Ibu Susan', '081122334455', NULL, '2025-07-16 03:43:59', NULL),
	(3, 'Toko Sparepart Maju', 'Pak Eko', '021-555-1234', NULL, '2025-07-16 03:43:59', NULL);

-- Dumping structure for table optima_db.tipe_ban
CREATE TABLE IF NOT EXISTS `tipe_ban` (
  `id_ban` int NOT NULL AUTO_INCREMENT,
  `tipe_ban` varchar(100) CHARACTER SET utf8mb4 COLLATE utf8mb4_0900_ai_ci NOT NULL,
  PRIMARY KEY (`id_ban`) USING BTREE
) ENGINE=InnoDB AUTO_INCREMENT=7 DEFAULT CHARSET=utf8mb4 COLLATE=utf8mb4_0900_ai_ci;

-- Dumping data for table optima_db.tipe_ban: ~6 rows (approximately)
REPLACE INTO `tipe_ban` (`id_ban`, `tipe_ban`) VALUES
	(1, 'Solid (Ban Mati)'),
	(2, 'Pneumatic (Ban Angin)'),
	(3, 'Cushion (Ban Bantal)'),
	(4, 'Non-Marking (Ban Anti-Jejak)'),
	(5, 'Polyurethane (Ban PU)'),
	(6, 'Foam-Filled (Ban Isi Busa)');

-- Dumping structure for table optima_db.tipe_mast
CREATE TABLE IF NOT EXISTS `tipe_mast` (
  `id_mast` int NOT NULL AUTO_INCREMENT,
  `tipe_mast` varchar(100) NOT NULL,
  `tinggi_mast` varchar(50) DEFAULT NULL COMMENT 'Contoh: 4500mm atau 4.5m',
  PRIMARY KEY (`id_mast`)
) ENGINE=InnoDB AUTO_INCREMENT=24 DEFAULT CHARSET=utf8mb4 COLLATE=utf8mb4_0900_ai_ci;

-- Dumping data for table optima_db.tipe_mast: ~23 rows (approximately)
REPLACE INTO `tipe_mast` (`id_mast`, `tipe_mast`, `tinggi_mast`) VALUES
	(1, 'Duplex (2-stage FFL) - ZM300 DUPLEX', NULL),
	(2, 'Simplex (2-stage mast) - V (3000)', NULL),
	(3, 'Simplex (2-stage mast) - V (5000)', NULL),
	(4, 'Simplex (2-stage mast) - VM400-30K', NULL),
	(5, 'Simplex (2-stage mast) - M300', NULL),
	(6, 'Simplex (2-stage mast) - M370', NULL),
	(7, 'Simplex (2-stage mast) - M400', NULL),
	(8, 'Simplex (2-stage mast) - M450', NULL),
	(9, 'Simplex (2-stage mast) - M500', NULL),
	(10, 'Simplex (2-stage mast) - M600', NULL),
	(11, 'Triplex (3-stage FFL) - FSV(4700)', NULL),
	(12, 'Triplex (3-stage FFL) - FSV(6000)', NULL),
	(13, 'Triplex (3-stage FFL) - FSVE61 (6000)', NULL),
	(14, 'Triplex (3-stage FFL) - ZSM435', NULL),
	(15, 'Triplex (3-stage FFL) - ZSM450', NULL),
	(16, 'Triplex (3-stage FFL) - ZSM470', NULL),
	(17, 'Triplex (3-stage FFL) - ZSM500', NULL),
	(18, 'Triplex (3-stage FFL) - ZSM600', NULL),
	(19, 'Triplex (3-stage FFL) - ZSM675', NULL),
	(20, 'Triplex (3-stage FFL) - ZSM720', NULL),
	(21, 'Triplex (3-stage FFL) - ZSM950', NULL),
	(22, 'Triplex (3-stage FFL) - ZSM1050', NULL),
	(23, 'Duplex (2-stage FFL) - 5M25D47', NULL);

-- Dumping structure for table optima_db.tipe_unit
CREATE TABLE IF NOT EXISTS `tipe_unit` (
  `id_tipe_unit` int NOT NULL AUTO_INCREMENT,
  `tipe` varchar(50) COLLATE utf8mb4_general_ci NOT NULL,
  `jenis` varchar(50) COLLATE utf8mb4_general_ci NOT NULL,
  `id_departemen` int DEFAULT NULL,
  PRIMARY KEY (`id_tipe_unit`),
  KEY `fk_tipe_unit_departemen` (`id_departemen`),
  CONSTRAINT `fk_tipe_unit_departemen` FOREIGN KEY (`id_departemen`) REFERENCES `departemen` (`id_departemen`) ON DELETE SET NULL ON UPDATE CASCADE
) ENGINE=InnoDB AUTO_INCREMENT=28 DEFAULT CHARSET=utf8mb4 COLLATE=utf8mb4_general_ci;

-- Dumping data for table optima_db.tipe_unit: ~15 rows (approximately)
REPLACE INTO `tipe_unit` (`id_tipe_unit`, `tipe`, `jenis`, `id_departemen`) VALUES
	(1, 'Alat Berat', 'COMPACTOR / VIBRO', 1),
	(2, 'Alat Berat', 'DUMP TRUCK', 1),
	(3, 'Alat Berat', 'WHEEL LOADER', 1),
	(4, 'Alat Kebersihan', 'SCRUBER', 1),
	(5, 'Alat Kebersihan', 'SCRUBER', 2),
	(6, 'Forklift', 'COUNTER BALANCE', 1),
	(7, 'Forklift', 'COUNTER BALANCE', 2),
	(8, 'Forklift', 'COUNTER BALANCE', 3),
	(9, 'Forklift', 'HAND PALLET', 2),
	(10, 'Forklift', 'PALLET MOVER', 2),
	(11, 'Forklift', 'PALLET STACKER', 2),
	(12, 'Forklift', 'REACH TRUCK', 2),
	(13, 'Forklift', 'THREE WHEEL', 2),
	(14, 'Kendaraan Industri', 'TOWING', 2),
	(15, 'Peralatan Angkat', 'SCISSOR LIFT', 2);

-- Dumping structure for table optima_db.users
CREATE TABLE IF NOT EXISTS `users` (
  `id` int NOT NULL AUTO_INCREMENT,
  `username` varchar(50) COLLATE utf8mb4_unicode_ci NOT NULL,
  `email` varchar(100) COLLATE utf8mb4_unicode_ci NOT NULL,
  `password_hash` varchar(255) COLLATE utf8mb4_unicode_ci NOT NULL,
  `first_name` varchar(50) COLLATE utf8mb4_unicode_ci NOT NULL,
  `last_name` varchar(50) COLLATE utf8mb4_unicode_ci NOT NULL,
  `phone` varchar(20) COLLATE utf8mb4_unicode_ci DEFAULT NULL,
  `avatar` varchar(255) COLLATE utf8mb4_unicode_ci DEFAULT NULL,
  `division_id` int DEFAULT NULL,
  `employee_id` varchar(50) COLLATE utf8mb4_unicode_ci DEFAULT NULL,
  `position` varchar(100) COLLATE utf8mb4_unicode_ci DEFAULT NULL,
  `is_super_admin` tinyint(1) DEFAULT '0',
  `is_active` tinyint(1) DEFAULT '1',
  `last_login` timestamp NULL DEFAULT NULL,
  `email_verified_at` timestamp NULL DEFAULT NULL,
  `remember_token` varchar(100) COLLATE utf8mb4_unicode_ci DEFAULT NULL,
  `created_at` timestamp NULL DEFAULT CURRENT_TIMESTAMP,
  `updated_at` timestamp NULL DEFAULT CURRENT_TIMESTAMP ON UPDATE CURRENT_TIMESTAMP,
  PRIMARY KEY (`id`),
  UNIQUE KEY `username` (`username`),
  UNIQUE KEY `email` (`email`),
  KEY `idx_users_username` (`username`),
  KEY `idx_users_email` (`email`),
  KEY `idx_users_division` (`division_id`),
  KEY `idx_users_active` (`is_active`),
  KEY `idx_users_super_admin` (`is_super_admin`),
  CONSTRAINT `fk_users_division` FOREIGN KEY (`division_id`) REFERENCES `divisions` (`id`) ON DELETE SET NULL ON UPDATE CASCADE
) ENGINE=InnoDB AUTO_INCREMENT=11 DEFAULT CHARSET=utf8mb4 COLLATE=utf8mb4_unicode_ci;

-- Dumping data for table optima_db.users: ~5 rows (approximately)
REPLACE INTO `users` (`id`, `username`, `email`, `password_hash`, `first_name`, `last_name`, `phone`, `avatar`, `division_id`, `employee_id`, `position`, `is_super_admin`, `is_active`, `last_login`, `email_verified_at`, `remember_token`, `created_at`, `updated_at`) VALUES
	(1, 'superadmin', 'admin@optima.com', '$2y$10$92IXUNpkjO0rOQ5byMi.Ye4oKoEa3Ro9llC/.og/at2.uheWG/igi', 'Super', 'Administrator', '', NULL, 1, NULL, NULL, 1, 1, NULL, NULL, NULL, '2025-08-05 07:01:57', '2025-08-17 19:30:13'),
	(5, 'admindiesel', 'admindiesel@optima.com', '$2y$10$Hs4MEuJSEbxX8lGDuDNmwephtPcBnfxuCEi/aaPYPprfxWnbQiHu6', 'service', 'diesel', '082136033596', NULL, NULL, NULL, NULL, 0, 1, NULL, NULL, NULL, '2025-08-05 02:42:47', '2025-08-06 18:41:04'),
	(6, 'adminelektrik', 'adminelektrik@optima.com', '$2y$10$Hs4MEuJSEbxX8lGDuDNmwephtPcBnfxuCEi/aaPYPprfxWnbQiHu6', 'service', 'elektrik', '08211111111', NULL, NULL, NULL, NULL, 0, 1, NULL, NULL, NULL, '2025-08-05 03:02:28', '2025-08-06 07:13:03'),
	(9, 'operational', 'operational@optima.com', '$2y$10$Hs4MEuJSEbxX8lGDuDNmwephtPcBnfxuCEi/aaPYPprfxWnbQiHu6', 'operational', 'sml', '08211111111', NULL, NULL, NULL, NULL, 0, 1, NULL, NULL, NULL, '2025-08-05 03:37:37', '2025-08-05 10:40:00'),
	(10, 'adminmarketing', 'adminmarketing@optima.com', '$2y$10$yXhHVLd2XoQXmJkVjByQMerMh8ThRtKuxpLCXfoeDqXdA7k163gEC', 'admin', 'marketing1', '08211111111', NULL, NULL, NULL, NULL, 0, 1, NULL, NULL, NULL, '2025-08-05 03:39:51', '2025-08-06 01:35:10');

-- Dumping structure for view optima_db.user_all_permissions
-- Creating temporary table to overcome VIEW dependency errors
CREATE TABLE `user_all_permissions` (
	`user_id` INT NOT NULL,
	`username` VARCHAR(1) NOT NULL COLLATE 'utf8mb4_unicode_ci',
	`email` VARCHAR(1) NOT NULL COLLATE 'utf8mb4_unicode_ci',
	`first_name` VARCHAR(1) NOT NULL COLLATE 'utf8mb4_unicode_ci',
	`last_name` VARCHAR(1) NOT NULL COLLATE 'utf8mb4_unicode_ci',
	`division_name` VARCHAR(1) NULL COLLATE 'utf8mb4_unicode_ci',
	`permission_id` INT NULL,
	`permission_name` VARCHAR(1) NULL COLLATE 'utf8mb4_unicode_ci',
	`permission_key` VARCHAR(1) NULL COLLATE 'utf8mb4_unicode_ci',
	`module` VARCHAR(1) NULL COLLATE 'utf8mb4_unicode_ci',
	`category` VARCHAR(1) NULL COLLATE 'utf8mb4_unicode_ci',
	`source_type` VARCHAR(1) NOT NULL COLLATE 'utf8mb4_general_ci',
	`source_name` VARCHAR(1) NULL COLLATE 'utf8mb4_unicode_ci',
	`granted` TINYINT NULL
) ENGINE=MyISAM;

-- Dumping structure for table optima_db.user_permissions
CREATE TABLE IF NOT EXISTS `user_permissions` (
  `id` int NOT NULL AUTO_INCREMENT,
  `user_id` int NOT NULL,
  `permission_id` int NOT NULL,
  `division_id` int DEFAULT NULL,
  `granted` tinyint(1) DEFAULT '1',
  `reason` varchar(255) COLLATE utf8mb4_unicode_ci DEFAULT NULL,
  `assigned_by` int DEFAULT NULL,
  `assigned_at` timestamp NULL DEFAULT CURRENT_TIMESTAMP,
  `expires_at` timestamp NULL DEFAULT NULL,
  `is_temporary` tinyint(1) DEFAULT '0',
  `created_at` timestamp NULL DEFAULT CURRENT_TIMESTAMP,
  `updated_at` timestamp NULL DEFAULT CURRENT_TIMESTAMP ON UPDATE CURRENT_TIMESTAMP,
  PRIMARY KEY (`id`),
  UNIQUE KEY `uk_user_permission_division` (`user_id`,`permission_id`,`division_id`),
  KEY `idx_user_permissions_user` (`user_id`),
  KEY `idx_user_permissions_permission` (`permission_id`),
  KEY `idx_user_permissions_division` (`division_id`),
  KEY `idx_user_permissions_granted` (`granted`),
  KEY `idx_user_permissions_assigned_by` (`assigned_by`),
  KEY `idx_user_permissions_temporary` (`is_temporary`),
  KEY `idx_user_permissions_expires` (`expires_at`),
  KEY `idx_user_permissions_user_granted` (`user_id`,`granted`),
  CONSTRAINT `fk_user_permissions_assigned_by` FOREIGN KEY (`assigned_by`) REFERENCES `users` (`id`) ON DELETE SET NULL ON UPDATE CASCADE,
  CONSTRAINT `fk_user_permissions_division` FOREIGN KEY (`division_id`) REFERENCES `divisions` (`id`) ON DELETE SET NULL ON UPDATE CASCADE,
  CONSTRAINT `fk_user_permissions_permission` FOREIGN KEY (`permission_id`) REFERENCES `permissions` (`id`) ON DELETE CASCADE ON UPDATE CASCADE,
  CONSTRAINT `fk_user_permissions_user` FOREIGN KEY (`user_id`) REFERENCES `users` (`id`) ON DELETE CASCADE ON UPDATE CASCADE
) ENGINE=InnoDB AUTO_INCREMENT=117 DEFAULT CHARSET=utf8mb4 COLLATE=utf8mb4_unicode_ci;

-- Dumping data for table optima_db.user_permissions: ~35 rows (approximately)
REPLACE INTO `user_permissions` (`id`, `user_id`, `permission_id`, `division_id`, `granted`, `reason`, `assigned_by`, `assigned_at`, `expires_at`, `is_temporary`, `created_at`, `updated_at`) VALUES
	(25, 9, 21, NULL, 1, NULL, 1, '2025-08-05 03:37:37', NULL, 0, '2025-08-05 10:37:37', '2025-08-05 10:37:37'),
	(26, 9, 23, NULL, 1, NULL, 1, '2025-08-05 03:37:37', NULL, 0, '2025-08-05 10:37:37', '2025-08-05 10:37:37'),
	(27, 9, 22, NULL, 1, NULL, 1, '2025-08-05 03:37:37', NULL, 0, '2025-08-05 10:37:37', '2025-08-05 10:37:37'),
	(28, 9, 25, NULL, 1, NULL, 1, '2025-08-05 03:37:37', NULL, 0, '2025-08-05 10:37:37', '2025-08-05 10:37:37'),
	(29, 9, 24, NULL, 1, NULL, 1, '2025-08-05 03:37:37', NULL, 0, '2025-08-05 10:37:37', '2025-08-05 10:37:37'),
	(30, 9, 26, NULL, 1, NULL, 1, '2025-08-05 03:37:37', NULL, 0, '2025-08-05 10:37:37', '2025-08-05 10:37:37'),
	(37, 6, 7, NULL, 1, NULL, 1, '2025-08-05 18:44:55', NULL, 0, '2025-08-06 01:44:55', '2025-08-06 01:44:55'),
	(38, 6, 20, NULL, 1, NULL, 1, '2025-08-05 18:44:55', NULL, 0, '2025-08-06 01:44:55', '2025-08-06 01:44:55'),
	(39, 6, 19, NULL, 1, NULL, 1, '2025-08-05 18:44:55', NULL, 0, '2025-08-06 01:44:55', '2025-08-06 01:44:55'),
	(40, 6, 15, NULL, 1, NULL, 1, '2025-08-05 18:44:55', NULL, 0, '2025-08-06 01:44:55', '2025-08-06 01:44:55'),
	(41, 6, 14, NULL, 1, NULL, 1, '2025-08-05 18:44:55', NULL, 0, '2025-08-06 01:44:55', '2025-08-06 01:44:55'),
	(42, 6, 18, NULL, 1, NULL, 1, '2025-08-05 18:44:55', NULL, 0, '2025-08-06 01:44:55', '2025-08-06 01:44:55'),
	(43, 6, 17, NULL, 1, NULL, 1, '2025-08-05 18:44:55', NULL, 0, '2025-08-06 01:44:55', '2025-08-06 01:44:55'),
	(44, 6, 13, NULL, 1, NULL, 1, '2025-08-05 18:44:55', NULL, 0, '2025-08-06 01:44:55', '2025-08-06 01:44:55'),
	(45, 6, 12, NULL, 1, NULL, 1, '2025-08-05 18:44:55', NULL, 0, '2025-08-06 01:44:55', '2025-08-06 01:44:55'),
	(46, 5, 7, NULL, 1, NULL, 1, '2025-08-05 19:52:24', NULL, 0, '2025-08-06 02:52:24', '2025-08-06 02:52:24'),
	(47, 5, 20, NULL, 1, NULL, 1, '2025-08-05 19:52:24', NULL, 0, '2025-08-06 02:52:24', '2025-08-06 02:52:24'),
	(48, 5, 19, NULL, 1, NULL, 1, '2025-08-05 19:52:24', NULL, 0, '2025-08-06 02:52:24', '2025-08-06 02:52:24'),
	(49, 5, 15, NULL, 1, NULL, 1, '2025-08-05 19:52:24', NULL, 0, '2025-08-06 02:52:24', '2025-08-06 02:52:24'),
	(50, 5, 14, NULL, 1, NULL, 1, '2025-08-05 19:52:24', NULL, 0, '2025-08-06 02:52:24', '2025-08-06 02:52:24'),
	(51, 5, 18, NULL, 1, NULL, 1, '2025-08-05 19:52:24', NULL, 0, '2025-08-06 02:52:24', '2025-08-06 02:52:24'),
	(52, 5, 17, NULL, 1, NULL, 1, '2025-08-05 19:52:24', NULL, 0, '2025-08-06 02:52:24', '2025-08-06 02:52:24'),
	(53, 5, 13, NULL, 1, NULL, 1, '2025-08-05 19:52:24', NULL, 0, '2025-08-06 02:52:24', '2025-08-06 02:52:24'),
	(54, 5, 12, NULL, 1, NULL, 1, '2025-08-05 19:52:24', NULL, 0, '2025-08-06 02:52:24', '2025-08-06 02:52:24'),
	(55, 5, 16, NULL, 1, NULL, 1, '2025-08-05 19:52:24', NULL, 0, '2025-08-06 02:52:24', '2025-08-06 02:52:24'),
	(56, 5, 9, NULL, 1, NULL, 1, '2025-08-05 19:52:24', NULL, 0, '2025-08-06 02:52:24', '2025-08-06 02:52:24'),
	(57, 5, 11, NULL, 1, NULL, 1, '2025-08-05 19:52:24', NULL, 0, '2025-08-06 02:52:24', '2025-08-06 02:52:24'),
	(58, 5, 10, NULL, 1, NULL, 1, '2025-08-05 19:52:24', NULL, 0, '2025-08-06 02:52:24', '2025-08-06 02:52:24'),
	(59, 5, 8, NULL, 1, NULL, 1, '2025-08-05 19:52:24', NULL, 0, '2025-08-06 02:52:24', '2025-08-06 02:52:24'),
	(60, 10, 27, NULL, 1, NULL, 1, '2025-08-05 19:52:41', NULL, 0, '2025-08-06 02:52:41', '2025-08-06 02:52:41'),
	(61, 10, 30, NULL, 1, NULL, 1, '2025-08-05 19:52:41', NULL, 0, '2025-08-06 02:52:41', '2025-08-06 02:52:41'),
	(62, 10, 32, NULL, 1, NULL, 1, '2025-08-05 19:52:41', NULL, 0, '2025-08-06 02:52:41', '2025-08-06 02:52:41'),
	(63, 10, 31, NULL, 1, NULL, 1, '2025-08-05 19:52:41', NULL, 0, '2025-08-06 02:52:41', '2025-08-06 02:52:41'),
	(64, 10, 28, NULL, 1, NULL, 1, '2025-08-05 19:52:41', NULL, 0, '2025-08-06 02:52:41', '2025-08-06 02:52:41'),
	(65, 10, 29, NULL, 1, NULL, 1, '2025-08-05 19:52:41', NULL, 0, '2025-08-06 02:52:41', '2025-08-06 02:52:41');

-- Dumping structure for table optima_db.user_roles
CREATE TABLE IF NOT EXISTS `user_roles` (
  `id` int NOT NULL AUTO_INCREMENT,
  `user_id` int NOT NULL,
  `role_id` int NOT NULL,
  `division_id` int DEFAULT NULL,
  `assigned_by` int DEFAULT NULL,
  `assigned_at` timestamp NULL DEFAULT CURRENT_TIMESTAMP,
  `expires_at` timestamp NULL DEFAULT NULL,
  `is_active` tinyint(1) DEFAULT '1',
  `created_at` timestamp NULL DEFAULT CURRENT_TIMESTAMP,
  `updated_at` timestamp NULL DEFAULT CURRENT_TIMESTAMP ON UPDATE CURRENT_TIMESTAMP,
  PRIMARY KEY (`id`),
  UNIQUE KEY `uk_user_role_division` (`user_id`,`role_id`,`division_id`),
  KEY `idx_user_roles_user` (`user_id`),
  KEY `idx_user_roles_role` (`role_id`),
  KEY `idx_user_roles_division` (`division_id`),
  KEY `idx_user_roles_assigned_by` (`assigned_by`),
  KEY `idx_user_roles_active` (`is_active`),
  KEY `idx_user_roles_user_active` (`user_id`,`is_active`),
  CONSTRAINT `fk_user_roles_assigned_by` FOREIGN KEY (`assigned_by`) REFERENCES `users` (`id`) ON DELETE SET NULL ON UPDATE CASCADE,
  CONSTRAINT `fk_user_roles_division` FOREIGN KEY (`division_id`) REFERENCES `divisions` (`id`) ON DELETE SET NULL ON UPDATE CASCADE,
  CONSTRAINT `fk_user_roles_role` FOREIGN KEY (`role_id`) REFERENCES `roles` (`id`) ON DELETE CASCADE ON UPDATE CASCADE,
  CONSTRAINT `fk_user_roles_user` FOREIGN KEY (`user_id`) REFERENCES `users` (`id`) ON DELETE CASCADE ON UPDATE CASCADE
) ENGINE=InnoDB AUTO_INCREMENT=36 DEFAULT CHARSET=utf8mb4 COLLATE=utf8mb4_unicode_ci;

-- Dumping data for table optima_db.user_roles: ~6 rows (approximately)
REPLACE INTO `user_roles` (`id`, `user_id`, `role_id`, `division_id`, `assigned_by`, `assigned_at`, `expires_at`, `is_active`, `created_at`, `updated_at`) VALUES
	(13, 9, 7, 3, 1, '2025-08-05 03:37:37', NULL, 1, '2025-08-05 10:37:37', '2025-08-05 10:37:37'),
	(15, 6, 5, 2, 1, '2025-08-05 18:44:55', NULL, 1, '2025-08-06 01:44:55', '2025-08-06 01:44:55'),
	(23, 5, 5, 2, 1, '2025-08-05 19:52:24', NULL, 1, '2025-08-06 02:52:24', '2025-08-06 02:52:24'),
	(24, 5, 6, 2, 1, '2025-08-05 19:52:24', NULL, 1, '2025-08-06 02:52:24', '2025-08-06 02:52:24'),
	(25, 10, 9, 4, 1, '2025-08-05 19:52:41', NULL, 1, '2025-08-06 02:52:41', '2025-08-06 02:52:41'),
	(35, 1, 1, 1, 1, '2025-08-06 23:26:28', NULL, 1, '2025-08-07 06:26:28', '2025-08-07 06:26:28');

-- Dumping structure for table optima_db.valve
CREATE TABLE IF NOT EXISTS `valve` (
  `id_valve` int NOT NULL AUTO_INCREMENT,
  `jumlah_valve` varchar(50) NOT NULL,
  PRIMARY KEY (`id_valve`)
) ENGINE=InnoDB AUTO_INCREMENT=5 DEFAULT CHARSET=utf8mb4 COLLATE=utf8mb4_0900_ai_ci;

-- Dumping data for table optima_db.valve: ~4 rows (approximately)
REPLACE INTO `valve` (`id_valve`, `jumlah_valve`) VALUES
	(1, '2 Valve'),
	(2, '3 Valve'),
	(3, '4 Valve'),
	(4, '5 Valve ');

-- Removing temporary table and create final VIEW structure
DROP TABLE IF EXISTS `user_all_permissions`;
CREATE ALGORITHM=UNDEFINED SQL SECURITY DEFINER VIEW `user_all_permissions` AS select distinct `u`.`id` AS `user_id`,`u`.`username` AS `username`,`u`.`email` AS `email`,`u`.`first_name` AS `first_name`,`u`.`last_name` AS `last_name`,`d`.`name` AS `division_name`,`p`.`id` AS `permission_id`,`p`.`name` AS `permission_name`,`p`.`key` AS `permission_key`,`p`.`module` AS `module`,`p`.`category` AS `category`,'role' AS `source_type`,`r`.`name` AS `source_name`,`rp`.`granted` AS `granted` from (((((`users` `u` left join `user_roles` `ur` on(((`u`.`id` = `ur`.`user_id`) and (`ur`.`is_active` = 1)))) left join `roles` `r` on(((`ur`.`role_id` = `r`.`id`) and (`r`.`is_active` = 1)))) left join `role_permissions` `rp` on(((`r`.`id` = `rp`.`role_id`) and (`rp`.`granted` = 1)))) left join `permissions` `p` on(((`rp`.`permission_id` = `p`.`id`) and (`p`.`is_active` = 1)))) left join `divisions` `d` on((`u`.`division_id` = `d`.`id`))) where (`u`.`is_active` = 1) union all select distinct `u`.`id` AS `user_id`,`u`.`username` AS `username`,`u`.`email` AS `email`,`u`.`first_name` AS `first_name`,`u`.`last_name` AS `last_name`,`d`.`name` AS `division_name`,`p`.`id` AS `permission_id`,`p`.`name` AS `permission_name`,`p`.`key` AS `permission_key`,`p`.`module` AS `module`,`p`.`category` AS `category`,'direct' AS `source_type`,'Direct Assignment' AS `source_name`,`up`.`granted` AS `granted` from (((`users` `u` left join `user_permissions` `up` on(((`u`.`id` = `up`.`user_id`) and ((`up`.`expires_at` is null) or (`up`.`expires_at` > now()))))) left join `permissions` `p` on(((`up`.`permission_id` = `p`.`id`) and (`p`.`is_active` = 1)))) left join `divisions` `d` on((`u`.`division_id` = `d`.`id`))) where (`u`.`is_active` = 1);

/*!40103 SET TIME_ZONE=IFNULL(@OLD_TIME_ZONE, 'system') */;
/*!40101 SET SQL_MODE=IFNULL(@OLD_SQL_MODE, '') */;
/*!40014 SET FOREIGN_KEY_CHECKS=IFNULL(@OLD_FOREIGN_KEY_CHECKS, 1) */;
/*!40101 SET CHARACTER_SET_CLIENT=@OLD_CHARACTER_SET_CLIENT */;
/*!40111 SET SQL_NOTES=IFNULL(@OLD_SQL_NOTES, 1) */;
